-- Inserindo dados condominio

INSERT INTO tbl_condominio (id_condominio,nm_condominio, endereco,nr_condominio,cep) VALUES (tbl_condominio_seq.NEXTVAL,'Wonderfull Residencial','Rua Silvia Pozzano',2880,'22790-671');
INSERT INTO tbl_condominio (id_condominio,nm_condominio, endereco,nr_condominio,cep) VALUES (tbl_condominio_seq.NEXTVAL,'Edifício Joana Nadrucci','Av. Guilherme de Almeida',147,'22790-100');
INSERT INTO tbl_condominio (id_condominio,nm_condominio, endereco,nr_condominio,cep) VALUES (tbl_condominio_seq.NEXTVAL,'Edifício Maria Cecícia','Rua Coronel João Olintho',233,'22790-170');
INSERT INTO tbl_condominio (id_condominio,nm_condominio, endereco,nr_condominio,cep) VALUES (tbl_condominio_seq.NEXTVAL,'Edifício Village do Sol','R. Rabino Henrique Lemle',420,'22790-040');
INSERT INTO tbl_condominio (id_condominio,nm_condominio, endereco,nr_condominio,cep) VALUES (tbl_condominio_seq.NEXTVAL,'Condominio Jardins do Tecreio','Av. das Américas',15000,'22790-702');

-- Inserindo dados morada

INSERT INTO tbl_morada (id_morada,nr_morada , tipo_morada,id_condominio) VALUES (tbl_morada_seq.NEXTVAL,43,'CASA',2);
INSERT INTO tbl_morada (id_morada,nr_morada , tipo_morada,id_condominio) VALUES (tbl_morada_seq.NEXTVAL,74,'CASA',1);
INSERT INTO tbl_morada (id_morada,nr_morada , tipo_morada,id_condominio) VALUES (tbl_morada_seq.NEXTVAL,98,'APARTAMENTO',5);
INSERT INTO tbl_morada (id_morada,nr_morada , tipo_morada,id_condominio) VALUES (tbl_morada_seq.NEXTVAL,37,'CASA',1);
INSERT INTO tbl_morada (id_morada,nr_morada , tipo_morada,id_condominio) VALUES (tbl_morada_seq.NEXTVAL,4,'CASA',4);
INSERT INTO tbl_morada (id_morada,nr_morada , tipo_morada,id_condominio) VALUES (tbl_morada_seq.NEXTVAL,52,'APARTAMENTO',5);
INSERT INTO tbl_morada (id_morada,nr_morada , tipo_morada,id_condominio) VALUES (tbl_morada_seq.NEXTVAL,12,'CASA',2);
INSERT INTO tbl_morada (id_morada,nr_morada , tipo_morada,id_condominio) VALUES (tbl_morada_seq.NEXTVAL,28,'APARTAMENTO',3);
INSERT INTO tbl_morada (id_morada,nr_morada , tipo_morada,id_condominio) VALUES (tbl_morada_seq.NEXTVAL,50,'APARTAMENTO',2);
INSERT INTO tbl_morada (id_morada,nr_morada , tipo_morada,id_condominio) VALUES (tbl_morada_seq.NEXTVAL,27,'CASA',5);
INSERT INTO tbl_morada (id_morada,nr_morada , tipo_morada,id_condominio) VALUES (tbl_morada_seq.NEXTVAL,11,'CASA',1);
INSERT INTO tbl_morada (id_morada,nr_morada , tipo_morada,id_condominio) VALUES (tbl_morada_seq.NEXTVAL,9,'CASA',1);
INSERT INTO tbl_morada (id_morada,nr_morada , tipo_morada,id_condominio) VALUES (tbl_morada_seq.NEXTVAL,27,'CASA',2);
INSERT INTO tbl_morada (id_morada,nr_morada , tipo_morada,id_condominio) VALUES (tbl_morada_seq.NEXTVAL,40,'CASA',5);
INSERT INTO tbl_morada (id_morada,nr_morada , tipo_morada,id_condominio) VALUES (tbl_morada_seq.NEXTVAL,63,'APARTAMENTO',5);
INSERT INTO tbl_morada (id_morada,nr_morada , tipo_morada,id_condominio) VALUES (tbl_morada_seq.NEXTVAL,72,'CASA',4);
INSERT INTO tbl_morada (id_morada,nr_morada , tipo_morada,id_condominio) VALUES (tbl_morada_seq.NEXTVAL,53,'CASA',1);
INSERT INTO tbl_morada (id_morada,nr_morada , tipo_morada,id_condominio) VALUES (tbl_morada_seq.NEXTVAL,7,'CASA',3);
INSERT INTO tbl_morada (id_morada,nr_morada , tipo_morada,id_condominio) VALUES (tbl_morada_seq.NEXTVAL,56,'APARTAMENTO',3);
INSERT INTO tbl_morada (id_morada,nr_morada , tipo_morada,id_condominio) VALUES (tbl_morada_seq.NEXTVAL,14,'CASA',1);
INSERT INTO tbl_morada (id_morada,nr_morada , tipo_morada,id_condominio) VALUES (tbl_morada_seq.NEXTVAL,46,'APARTAMENTO',2);
INSERT INTO tbl_morada (id_morada,nr_morada , tipo_morada,id_condominio) VALUES (tbl_morada_seq.NEXTVAL,27,'CASA',2);
INSERT INTO tbl_morada (id_morada,nr_morada , tipo_morada,id_condominio) VALUES (tbl_morada_seq.NEXTVAL,76,'APARTAMENTO',1);
INSERT INTO tbl_morada (id_morada,nr_morada , tipo_morada,id_condominio) VALUES (tbl_morada_seq.NEXTVAL,37,'CASA',5);
INSERT INTO tbl_morada (id_morada,nr_morada , tipo_morada,id_condominio) VALUES (tbl_morada_seq.NEXTVAL,82,'APARTAMENTO',1);
INSERT INTO tbl_morada (id_morada,nr_morada , tipo_morada,id_condominio) VALUES (tbl_morada_seq.NEXTVAL,31,'CASA',2);
INSERT INTO tbl_morada (id_morada,nr_morada , tipo_morada,id_condominio) VALUES (tbl_morada_seq.NEXTVAL,72,'CASA',5);
INSERT INTO tbl_morada (id_morada,nr_morada , tipo_morada,id_condominio) VALUES (tbl_morada_seq.NEXTVAL,58,'CASA',5);
INSERT INTO tbl_morada (id_morada,nr_morada , tipo_morada,id_condominio) VALUES (tbl_morada_seq.NEXTVAL,79,'CASA',1);
INSERT INTO tbl_morada (id_morada,nr_morada , tipo_morada,id_condominio) VALUES (tbl_morada_seq.NEXTVAL,4,'CASA',2);
INSERT INTO tbl_morada (id_morada,nr_morada , tipo_morada,id_condominio) VALUES (tbl_morada_seq.NEXTVAL,74,'CASA',2);
INSERT INTO tbl_morada (id_morada,nr_morada , tipo_morada,id_condominio) VALUES (tbl_morada_seq.NEXTVAL,48,'APARTAMENTO',1);
INSERT INTO tbl_morada (id_morada,nr_morada , tipo_morada,id_condominio) VALUES (tbl_morada_seq.NEXTVAL,12,'CASA',5);
INSERT INTO tbl_morada (id_morada,nr_morada , tipo_morada,id_condominio) VALUES (tbl_morada_seq.NEXTVAL,1,'CASA',4);
INSERT INTO tbl_morada (id_morada,nr_morada , tipo_morada,id_condominio) VALUES (tbl_morada_seq.NEXTVAL,5,'APARTAMENTO',1);
INSERT INTO tbl_morada (id_morada,nr_morada , tipo_morada,id_condominio) VALUES (tbl_morada_seq.NEXTVAL,57,'APARTAMENTO',4);
INSERT INTO tbl_morada (id_morada,nr_morada , tipo_morada,id_condominio) VALUES (tbl_morada_seq.NEXTVAL,10,'CASA',1);
INSERT INTO tbl_morada (id_morada,nr_morada , tipo_morada,id_condominio) VALUES (tbl_morada_seq.NEXTVAL,45,'APARTAMENTO',5);
INSERT INTO tbl_morada (id_morada,nr_morada , tipo_morada,id_condominio) VALUES (tbl_morada_seq.NEXTVAL,46,'CASA',4);
INSERT INTO tbl_morada (id_morada,nr_morada , tipo_morada,id_condominio) VALUES (tbl_morada_seq.NEXTVAL,14,'APARTAMENTO',1);
INSERT INTO tbl_morada (id_morada,nr_morada , tipo_morada,id_condominio) VALUES (tbl_morada_seq.NEXTVAL,84,'CASA',3);


-- inserindo dados usuario

INSERT INTO tbl_usuario (id_usuario,login , senha) VALUES (tbl_usuario_seq.NEXTVAL,'Agatha123','123');
INSERT INTO tbl_usuario (id_usuario,login , senha) VALUES (tbl_usuario_seq.NEXTVAL,'Alana123','123');
INSERT INTO tbl_usuario (id_usuario,login , senha) VALUES (tbl_usuario_seq.NEXTVAL,'Alexandre123','123');
INSERT INTO tbl_usuario (id_usuario,login , senha) VALUES (tbl_usuario_seq.NEXTVAL,'Alice123','123');
INSERT INTO tbl_usuario (id_usuario,login , senha) VALUES (tbl_usuario_seq.NEXTVAL,'Alícia123','123');
INSERT INTO tbl_usuario (id_usuario,login , senha) VALUES (tbl_usuario_seq.NEXTVAL,'Amanda123','123');
INSERT INTO tbl_usuario (id_usuario,login , senha) VALUES (tbl_usuario_seq.NEXTVAL,'Ana123','123');
INSERT INTO tbl_usuario (id_usuario,login , senha) VALUES (tbl_usuario_seq.NEXTVAL,'Ana Beatriz123','123');
INSERT INTO tbl_usuario (id_usuario,login , senha) VALUES (tbl_usuario_seq.NEXTVAL,'Ana Carolina123','123');
INSERT INTO tbl_usuario (id_usuario,login , senha) VALUES (tbl_usuario_seq.NEXTVAL,'Ana Clara123','123');
INSERT INTO tbl_usuario (id_usuario,login , senha) VALUES (tbl_usuario_seq.NEXTVAL,'Ana Julia123','123');
INSERT INTO tbl_usuario (id_usuario,login , senha) VALUES (tbl_usuario_seq.NEXTVAL,'Ana Laura123','123');
INSERT INTO tbl_usuario (id_usuario,login , senha) VALUES (tbl_usuario_seq.NEXTVAL,'Ana Lívia123','123');
INSERT INTO tbl_usuario (id_usuario,login , senha) VALUES (tbl_usuario_seq.NEXTVAL,'Ana Luiza123','123');
INSERT INTO tbl_usuario (id_usuario,login , senha) VALUES (tbl_usuario_seq.NEXTVAL,'Ana Sophia123','123');
INSERT INTO tbl_usuario (id_usuario,login , senha) VALUES (tbl_usuario_seq.NEXTVAL,'André123','123');
INSERT INTO tbl_usuario (id_usuario,login , senha) VALUES (tbl_usuario_seq.NEXTVAL,'Anthony123','123');
INSERT INTO tbl_usuario (id_usuario,login , senha) VALUES (tbl_usuario_seq.NEXTVAL,'Antonella123','123');
INSERT INTO tbl_usuario (id_usuario,login , senha) VALUES (tbl_usuario_seq.NEXTVAL,'Antonio123','123');
INSERT INTO tbl_usuario (id_usuario,login , senha) VALUES (tbl_usuario_seq.NEXTVAL,'Arthur123','123');
INSERT INTO tbl_usuario (id_usuario,login , senha) VALUES (tbl_usuario_seq.NEXTVAL,'Augusto123','123');
INSERT INTO tbl_usuario (id_usuario,login , senha) VALUES (tbl_usuario_seq.NEXTVAL,'Bárbara123','123');
INSERT INTO tbl_usuario (id_usuario,login , senha) VALUES (tbl_usuario_seq.NEXTVAL,'Beatriz123','123');
INSERT INTO tbl_usuario (id_usuario,login , senha) VALUES (tbl_usuario_seq.NEXTVAL,'Benício123','123');
INSERT INTO tbl_usuario (id_usuario,login , senha) VALUES (tbl_usuario_seq.NEXTVAL,'Benjamin123','123');
INSERT INTO tbl_usuario (id_usuario,login , senha) VALUES (tbl_usuario_seq.NEXTVAL,'Bernardo123','123');
INSERT INTO tbl_usuario (id_usuario,login , senha) VALUES (tbl_usuario_seq.NEXTVAL,'Betina123','123');
INSERT INTO tbl_usuario (id_usuario,login , senha) VALUES (tbl_usuario_seq.NEXTVAL,'Bianca123','123');
INSERT INTO tbl_usuario (id_usuario,login , senha) VALUES (tbl_usuario_seq.NEXTVAL,'Brenda123','123');
INSERT INTO tbl_usuario (id_usuario,login , senha) VALUES (tbl_usuario_seq.NEXTVAL,'Breno123','123');
INSERT INTO tbl_usuario (id_usuario,login , senha) VALUES (tbl_usuario_seq.NEXTVAL,'Bruna123','123');
INSERT INTO tbl_usuario (id_usuario,login , senha) VALUES (tbl_usuario_seq.NEXTVAL,'Bruno123','123');
INSERT INTO tbl_usuario (id_usuario,login , senha) VALUES (tbl_usuario_seq.NEXTVAL,'Bryan123','123');
INSERT INTO tbl_usuario (id_usuario,login , senha) VALUES (tbl_usuario_seq.NEXTVAL,'Caio123','123');
INSERT INTO tbl_usuario (id_usuario,login , senha) VALUES (tbl_usuario_seq.NEXTVAL,'Calebe123','123');
INSERT INTO tbl_usuario (id_usuario,login , senha) VALUES (tbl_usuario_seq.NEXTVAL,'Camila123','123');
INSERT INTO tbl_usuario (id_usuario,login , senha) VALUES (tbl_usuario_seq.NEXTVAL,'Carlos Eduardo123','123');
INSERT INTO tbl_usuario (id_usuario,login , senha) VALUES (tbl_usuario_seq.NEXTVAL,'Carolina123','123');
INSERT INTO tbl_usuario (id_usuario,login , senha) VALUES (tbl_usuario_seq.NEXTVAL,'Caroline123','123');
INSERT INTO tbl_usuario (id_usuario,login , senha) VALUES (tbl_usuario_seq.NEXTVAL,'Catarina123','123');
INSERT INTO tbl_usuario (id_usuario,login , senha) VALUES (tbl_usuario_seq.NEXTVAL,'Cauã123','123');
INSERT INTO tbl_usuario (id_usuario,login , senha) VALUES (tbl_usuario_seq.NEXTVAL,'Cauê123','123');
INSERT INTO tbl_usuario (id_usuario,login , senha) VALUES (tbl_usuario_seq.NEXTVAL,'Cecília123','123');
INSERT INTO tbl_usuario (id_usuario,login , senha) VALUES (tbl_usuario_seq.NEXTVAL,'Clara123','123');
INSERT INTO tbl_usuario (id_usuario,login , senha) VALUES (tbl_usuario_seq.NEXTVAL,'Daniel123','123');
INSERT INTO tbl_usuario (id_usuario,login , senha) VALUES (tbl_usuario_seq.NEXTVAL,'Danilo123','123');
INSERT INTO tbl_usuario (id_usuario,login , senha) VALUES (tbl_usuario_seq.NEXTVAL,'Davi123','123');
INSERT INTO tbl_usuario (id_usuario,login , senha) VALUES (tbl_usuario_seq.NEXTVAL,'Débora123','123');
INSERT INTO tbl_usuario (id_usuario,login , senha) VALUES (tbl_usuario_seq.NEXTVAL,'Diego123','123');
INSERT INTO tbl_usuario (id_usuario,login , senha) VALUES (tbl_usuario_seq.NEXTVAL,'Diogo123','123');
INSERT INTO tbl_usuario (id_usuario,login , senha) VALUES (tbl_usuario_seq.NEXTVAL,'Eduarda123','123');
INSERT INTO tbl_usuario (id_usuario,login , senha) VALUES (tbl_usuario_seq.NEXTVAL,'Eduardo123','123');
INSERT INTO tbl_usuario (id_usuario,login , senha) VALUES (tbl_usuario_seq.NEXTVAL,'Elisa123','123');
INSERT INTO tbl_usuario (id_usuario,login , senha) VALUES (tbl_usuario_seq.NEXTVAL,'Eloá123','123');
INSERT INTO tbl_usuario (id_usuario,login , senha) VALUES (tbl_usuario_seq.NEXTVAL,'Emanuel123','123');
INSERT INTO tbl_usuario (id_usuario,login , senha) VALUES (tbl_usuario_seq.NEXTVAL,'Emanuelly123','123');
INSERT INTO tbl_usuario (id_usuario,login , senha) VALUES (tbl_usuario_seq.NEXTVAL,'Emily123','123');
INSERT INTO tbl_usuario (id_usuario,login , senha) VALUES (tbl_usuario_seq.NEXTVAL,'Enrico123','123');
INSERT INTO tbl_usuario (id_usuario,login , senha) VALUES (tbl_usuario_seq.NEXTVAL,'Enzo123','123');
INSERT INTO tbl_usuario (id_usuario,login , senha) VALUES (tbl_usuario_seq.NEXTVAL,'Enzo Gabriel123','123');
INSERT INTO tbl_usuario (id_usuario,login , senha) VALUES (tbl_usuario_seq.NEXTVAL,'Erick123','123');
INSERT INTO tbl_usuario (id_usuario,login , senha) VALUES (tbl_usuario_seq.NEXTVAL,'Ester123','123');
INSERT INTO tbl_usuario (id_usuario,login , senha) VALUES (tbl_usuario_seq.NEXTVAL,'Evelyn123','123');
INSERT INTO tbl_usuario (id_usuario,login , senha) VALUES (tbl_usuario_seq.NEXTVAL,'Felipe123','123');
INSERT INTO tbl_usuario (id_usuario,login , senha) VALUES (tbl_usuario_seq.NEXTVAL,'Fernanda123','123');
INSERT INTO tbl_usuario (id_usuario,login , senha) VALUES (tbl_usuario_seq.NEXTVAL,'Fernando123','123');
INSERT INTO tbl_usuario (id_usuario,login , senha) VALUES (tbl_usuario_seq.NEXTVAL,'Francisco123','123');
INSERT INTO tbl_usuario (id_usuario,login , senha) VALUES (tbl_usuario_seq.NEXTVAL,'Gabriel123','123');
INSERT INTO tbl_usuario (id_usuario,login , senha) VALUES (tbl_usuario_seq.NEXTVAL,'Gabriela123','123');
INSERT INTO tbl_usuario (id_usuario,login , senha) VALUES (tbl_usuario_seq.NEXTVAL,'Gabrielly123','123');
INSERT INTO tbl_usuario (id_usuario,login , senha) VALUES (tbl_usuario_seq.NEXTVAL,'Giovanna123','123');
INSERT INTO tbl_usuario (id_usuario,login , senha) VALUES (tbl_usuario_seq.NEXTVAL,'Giovanni123','123');
INSERT INTO tbl_usuario (id_usuario,login , senha) VALUES (tbl_usuario_seq.NEXTVAL,'Guilherme123','123');
INSERT INTO tbl_usuario (id_usuario,login , senha) VALUES (tbl_usuario_seq.NEXTVAL,'Gustavo123','123');
INSERT INTO tbl_usuario (id_usuario,login , senha) VALUES (tbl_usuario_seq.NEXTVAL,'Heitor123','123');
INSERT INTO tbl_usuario (id_usuario,login , senha) VALUES (tbl_usuario_seq.NEXTVAL,'Helena123','123');
INSERT INTO tbl_usuario (id_usuario,login , senha) VALUES (tbl_usuario_seq.NEXTVAL,'Heloisa123','123');
INSERT INTO tbl_usuario (id_usuario,login , senha) VALUES (tbl_usuario_seq.NEXTVAL,'Henrique123','123');
INSERT INTO tbl_usuario (id_usuario,login , senha) VALUES (tbl_usuario_seq.NEXTVAL,'Henry123','123');
INSERT INTO tbl_usuario (id_usuario,login , senha) VALUES (tbl_usuario_seq.NEXTVAL,'Hugo123','123');
INSERT INTO tbl_usuario (id_usuario,login , senha) VALUES (tbl_usuario_seq.NEXTVAL,'Iago123','123');
INSERT INTO tbl_usuario (id_usuario,login , senha) VALUES (tbl_usuario_seq.NEXTVAL,'Ian123','123');
INSERT INTO tbl_usuario (id_usuario,login , senha) VALUES (tbl_usuario_seq.NEXTVAL,'Igor123','123');
INSERT INTO tbl_usuario (id_usuario,login , senha) VALUES (tbl_usuario_seq.NEXTVAL,'Isaac123','123');
INSERT INTO tbl_usuario (id_usuario,login , senha) VALUES (tbl_usuario_seq.NEXTVAL,'Isabel123','123');
INSERT INTO tbl_usuario (id_usuario,login , senha) VALUES (tbl_usuario_seq.NEXTVAL,'Isabella123','123');
INSERT INTO tbl_usuario (id_usuario,login , senha) VALUES (tbl_usuario_seq.NEXTVAL,'Isabelle123','123');
INSERT INTO tbl_usuario (id_usuario,login , senha) VALUES (tbl_usuario_seq.NEXTVAL,'Isadora123','123');
INSERT INTO tbl_usuario (id_usuario,login , senha) VALUES (tbl_usuario_seq.NEXTVAL,'Jennifer123','123');
INSERT INTO tbl_usuario (id_usuario,login , senha) VALUES (tbl_usuario_seq.NEXTVAL,'Joana123','123');
INSERT INTO tbl_usuario (id_usuario,login , senha) VALUES (tbl_usuario_seq.NEXTVAL,'João123','123');
INSERT INTO tbl_usuario (id_usuario,login , senha) VALUES (tbl_usuario_seq.NEXTVAL,'João Gabriel123','123');
INSERT INTO tbl_usuario (id_usuario,login , senha) VALUES (tbl_usuario_seq.NEXTVAL,'João Guilherme123','123');
INSERT INTO tbl_usuario (id_usuario,login , senha) VALUES (tbl_usuario_seq.NEXTVAL,'João Lucas123','123');
INSERT INTO tbl_usuario (id_usuario,login , senha) VALUES (tbl_usuario_seq.NEXTVAL,'João Miguel123','123');
INSERT INTO tbl_usuario (id_usuario,login , senha) VALUES (tbl_usuario_seq.NEXTVAL,'João Paulo123','123');
INSERT INTO tbl_usuario (id_usuario,login , senha) VALUES (tbl_usuario_seq.NEXTVAL,'João Pedro123','123');
INSERT INTO tbl_usuario (id_usuario,login , senha) VALUES (tbl_usuario_seq.NEXTVAL,'João Vitor123','123');
INSERT INTO tbl_usuario (id_usuario,login , senha) VALUES (tbl_usuario_seq.NEXTVAL,'Joaquim123','123');
INSERT INTO tbl_usuario (id_usuario,login , senha) VALUES (tbl_usuario_seq.NEXTVAL,'Juan123','123');
INSERT INTO tbl_usuario (id_usuario,login , senha) VALUES (tbl_usuario_seq.NEXTVAL,'Julia123','123');
INSERT INTO tbl_usuario (id_usuario,login , senha) VALUES (tbl_usuario_seq.NEXTVAL,'Juliana123','123');
INSERT INTO tbl_usuario (id_usuario,login , senha) VALUES (tbl_usuario_seq.NEXTVAL,'Julio César123','123');
INSERT INTO tbl_usuario (id_usuario,login , senha) VALUES (tbl_usuario_seq.NEXTVAL,'Kaique123','123');
INSERT INTO tbl_usuario (id_usuario,login , senha) VALUES (tbl_usuario_seq.NEXTVAL,'Kamilly123','123');
INSERT INTO tbl_usuario (id_usuario,login , senha) VALUES (tbl_usuario_seq.NEXTVAL,'Kevin123','123');
INSERT INTO tbl_usuario (id_usuario,login , senha) VALUES (tbl_usuario_seq.NEXTVAL,'Laís123','123');
INSERT INTO tbl_usuario (id_usuario,login , senha) VALUES (tbl_usuario_seq.NEXTVAL,'Lara123','123');
INSERT INTO tbl_usuario (id_usuario,login , senha) VALUES (tbl_usuario_seq.NEXTVAL,'Larissa123','123');
INSERT INTO tbl_usuario (id_usuario,login , senha) VALUES (tbl_usuario_seq.NEXTVAL,'Laura123','123');
INSERT INTO tbl_usuario (id_usuario,login , senha) VALUES (tbl_usuario_seq.NEXTVAL,'Lavínia123','123');
INSERT INTO tbl_usuario (id_usuario,login , senha) VALUES (tbl_usuario_seq.NEXTVAL,'Leonardo123','123');
INSERT INTO tbl_usuario (id_usuario,login , senha) VALUES (tbl_usuario_seq.NEXTVAL,'Letícia123','123');
INSERT INTO tbl_usuario (id_usuario,login , senha) VALUES (tbl_usuario_seq.NEXTVAL,'Levi123','123');
INSERT INTO tbl_usuario (id_usuario,login , senha) VALUES (tbl_usuario_seq.NEXTVAL,'Lívia123','123');
INSERT INTO tbl_usuario (id_usuario,login , senha) VALUES (tbl_usuario_seq.NEXTVAL,'Lorena123','123');
INSERT INTO tbl_usuario (id_usuario,login , senha) VALUES (tbl_usuario_seq.NEXTVAL,'Lorenzo123','123');
INSERT INTO tbl_usuario (id_usuario,login , senha) VALUES (tbl_usuario_seq.NEXTVAL,'Luan123','123');
INSERT INTO tbl_usuario (id_usuario,login , senha) VALUES (tbl_usuario_seq.NEXTVAL,'Luana123','123');
INSERT INTO tbl_usuario (id_usuario,login , senha) VALUES (tbl_usuario_seq.NEXTVAL,'Lucas123','123');
INSERT INTO tbl_usuario (id_usuario,login , senha) VALUES (tbl_usuario_seq.NEXTVAL,'Lucas Gabriel123','123');
INSERT INTO tbl_usuario (id_usuario,login , senha) VALUES (tbl_usuario_seq.NEXTVAL,'Lucca123','123');
INSERT INTO tbl_usuario (id_usuario,login , senha) VALUES (tbl_usuario_seq.NEXTVAL,'Luiz123','123');
INSERT INTO tbl_usuario (id_usuario,login , senha) VALUES (tbl_usuario_seq.NEXTVAL,'Luiz Felipe123','123');
INSERT INTO tbl_usuario (id_usuario,login , senha) VALUES (tbl_usuario_seq.NEXTVAL,'Luiz Fernando123','123');
INSERT INTO tbl_usuario (id_usuario,login , senha) VALUES (tbl_usuario_seq.NEXTVAL,'Luiz Guilherme123','123');
INSERT INTO tbl_usuario (id_usuario,login , senha) VALUES (tbl_usuario_seq.NEXTVAL,'Luiz Gustavo123','123');
INSERT INTO tbl_usuario (id_usuario,login , senha) VALUES (tbl_usuario_seq.NEXTVAL,'Luiz Henrique123','123');
INSERT INTO tbl_usuario (id_usuario,login , senha) VALUES (tbl_usuario_seq.NEXTVAL,'Luiz Miguel123','123');
INSERT INTO tbl_usuario (id_usuario,login , senha) VALUES (tbl_usuario_seq.NEXTVAL,'Luiz Otávio123','123');
INSERT INTO tbl_usuario (id_usuario,login , senha) VALUES (tbl_usuario_seq.NEXTVAL,'Luiza123','123');
INSERT INTO tbl_usuario (id_usuario,login , senha) VALUES (tbl_usuario_seq.NEXTVAL,'Luna123','123');
INSERT INTO tbl_usuario (id_usuario,login , senha) VALUES (tbl_usuario_seq.NEXTVAL,'Maitê123','123');
INSERT INTO tbl_usuario (id_usuario,login , senha) VALUES (tbl_usuario_seq.NEXTVAL,'Manuela123','123');
INSERT INTO tbl_usuario (id_usuario,login , senha) VALUES (tbl_usuario_seq.NEXTVAL,'Marcela123','123');
INSERT INTO tbl_usuario (id_usuario,login , senha) VALUES (tbl_usuario_seq.NEXTVAL,'Marcelo123','123');
INSERT INTO tbl_usuario (id_usuario,login , senha) VALUES (tbl_usuario_seq.NEXTVAL,'Marcos Vinicius123','123');
INSERT INTO tbl_usuario (id_usuario,login , senha) VALUES (tbl_usuario_seq.NEXTVAL,'Maria123','123');
INSERT INTO tbl_usuario (id_usuario,login , senha) VALUES (tbl_usuario_seq.NEXTVAL,'Maria Alice123','123');
INSERT INTO tbl_usuario (id_usuario,login , senha) VALUES (tbl_usuario_seq.NEXTVAL,'Maria Cecília123','123');
INSERT INTO tbl_usuario (id_usuario,login , senha) VALUES (tbl_usuario_seq.NEXTVAL,'Maria Clara123','123');
INSERT INTO tbl_usuario (id_usuario,login , senha) VALUES (tbl_usuario_seq.NEXTVAL,'Maria Eduarda123','123');
INSERT INTO tbl_usuario (id_usuario,login , senha) VALUES (tbl_usuario_seq.NEXTVAL,'Maria Fernanda123','123');
INSERT INTO tbl_usuario (id_usuario,login , senha) VALUES (tbl_usuario_seq.NEXTVAL,'Maria Júlia123','123');
INSERT INTO tbl_usuario (id_usuario,login , senha) VALUES (tbl_usuario_seq.NEXTVAL,'Maria Luiza123','123');
INSERT INTO tbl_usuario (id_usuario,login , senha) VALUES (tbl_usuario_seq.NEXTVAL,'Maria Sophia123','123');
INSERT INTO tbl_usuario (id_usuario,login , senha) VALUES (tbl_usuario_seq.NEXTVAL,'Maria Vitória123','123');
INSERT INTO tbl_usuario (id_usuario,login , senha) VALUES (tbl_usuario_seq.NEXTVAL,'Mariah123','123');
INSERT INTO tbl_usuario (id_usuario,login , senha) VALUES (tbl_usuario_seq.NEXTVAL,'Mariana123','123');
INSERT INTO tbl_usuario (id_usuario,login , senha) VALUES (tbl_usuario_seq.NEXTVAL,'Mariane123','123');
INSERT INTO tbl_usuario (id_usuario,login , senha) VALUES (tbl_usuario_seq.NEXTVAL,'Marina123','123');
INSERT INTO tbl_usuario (id_usuario,login , senha) VALUES (tbl_usuario_seq.NEXTVAL,'Matheus123','123');
INSERT INTO tbl_usuario (id_usuario,login , senha) VALUES (tbl_usuario_seq.NEXTVAL,'Matheus Henrique123','123');
INSERT INTO tbl_usuario (id_usuario,login , senha) VALUES (tbl_usuario_seq.NEXTVAL,'Melissa123','123');
INSERT INTO tbl_usuario (id_usuario,login , senha) VALUES (tbl_usuario_seq.NEXTVAL,'Miguel123','123');
INSERT INTO tbl_usuario (id_usuario,login , senha) VALUES (tbl_usuario_seq.NEXTVAL,'Milena123','123');
INSERT INTO tbl_usuario (id_usuario,login , senha) VALUES (tbl_usuario_seq.NEXTVAL,'Mirella123','123');
INSERT INTO tbl_usuario (id_usuario,login , senha) VALUES (tbl_usuario_seq.NEXTVAL,'Murilo123','123');
INSERT INTO tbl_usuario (id_usuario,login , senha) VALUES (tbl_usuario_seq.NEXTVAL,'Natália123','123');
INSERT INTO tbl_usuario (id_usuario,login , senha) VALUES (tbl_usuario_seq.NEXTVAL,'Nathan123','123');
INSERT INTO tbl_usuario (id_usuario,login , senha) VALUES (tbl_usuario_seq.NEXTVAL,'Nicolas123','123');
INSERT INTO tbl_usuario (id_usuario,login , senha) VALUES (tbl_usuario_seq.NEXTVAL,'Nicole123','123');
INSERT INTO tbl_usuario (id_usuario,login , senha) VALUES (tbl_usuario_seq.NEXTVAL,'Nina123','123');
INSERT INTO tbl_usuario (id_usuario,login , senha) VALUES (tbl_usuario_seq.NEXTVAL,'Olivia123','123');
INSERT INTO tbl_usuario (id_usuario,login , senha) VALUES (tbl_usuario_seq.NEXTVAL,'Otávio123','123');
INSERT INTO tbl_usuario (id_usuario,login , senha) VALUES (tbl_usuario_seq.NEXTVAL,'Pedro123','123');
INSERT INTO tbl_usuario (id_usuario,login , senha) VALUES (tbl_usuario_seq.NEXTVAL,'Pedro Henrique123','123');
INSERT INTO tbl_usuario (id_usuario,login , senha) VALUES (tbl_usuario_seq.NEXTVAL,'Pedro Lucas123','123');
INSERT INTO tbl_usuario (id_usuario,login , senha) VALUES (tbl_usuario_seq.NEXTVAL,'Pietra123','123');
INSERT INTO tbl_usuario (id_usuario,login , senha) VALUES (tbl_usuario_seq.NEXTVAL,'Pietro123','123');
INSERT INTO tbl_usuario (id_usuario,login , senha) VALUES (tbl_usuario_seq.NEXTVAL,'Rafael123','123');
INSERT INTO tbl_usuario (id_usuario,login , senha) VALUES (tbl_usuario_seq.NEXTVAL,'Rafaela123','123');
INSERT INTO tbl_usuario (id_usuario,login , senha) VALUES (tbl_usuario_seq.NEXTVAL,'Raquel123','123');
INSERT INTO tbl_usuario (id_usuario,login , senha) VALUES (tbl_usuario_seq.NEXTVAL,'Raul123','123');
INSERT INTO tbl_usuario (id_usuario,login , senha) VALUES (tbl_usuario_seq.NEXTVAL,'Rayssa123','123');
INSERT INTO tbl_usuario (id_usuario,login , senha) VALUES (tbl_usuario_seq.NEXTVAL,'Rebeca123','123');
INSERT INTO tbl_usuario (id_usuario,login , senha) VALUES (tbl_usuario_seq.NEXTVAL,'Renan123','123');
INSERT INTO tbl_usuario (id_usuario,login , senha) VALUES (tbl_usuario_seq.NEXTVAL,'Renato123','123');
INSERT INTO tbl_usuario (id_usuario,login , senha) VALUES (tbl_usuario_seq.NEXTVAL,'Ricardo123','123');
INSERT INTO tbl_usuario (id_usuario,login , senha) VALUES (tbl_usuario_seq.NEXTVAL,'Rodrigo123','123');
INSERT INTO tbl_usuario (id_usuario,login , senha) VALUES (tbl_usuario_seq.NEXTVAL,'Ryan123','123');
INSERT INTO tbl_usuario (id_usuario,login , senha) VALUES (tbl_usuario_seq.NEXTVAL,'Sabrina123','123');
INSERT INTO tbl_usuario (id_usuario,login , senha) VALUES (tbl_usuario_seq.NEXTVAL,'Samuel123','123');
INSERT INTO tbl_usuario (id_usuario,login , senha) VALUES (tbl_usuario_seq.NEXTVAL,'Sarah123','123');
INSERT INTO tbl_usuario (id_usuario,login , senha) VALUES (tbl_usuario_seq.NEXTVAL,'Sophia123','123');
INSERT INTO tbl_usuario (id_usuario,login , senha) VALUES (tbl_usuario_seq.NEXTVAL,'Sophie123','123');
INSERT INTO tbl_usuario (id_usuario,login , senha) VALUES (tbl_usuario_seq.NEXTVAL,'Stefany123','123');
INSERT INTO tbl_usuario (id_usuario,login , senha) VALUES (tbl_usuario_seq.NEXTVAL,'Stella123','123');
INSERT INTO tbl_usuario (id_usuario,login , senha) VALUES (tbl_usuario_seq.NEXTVAL,'Thales123','123');
INSERT INTO tbl_usuario (id_usuario,login , senha) VALUES (tbl_usuario_seq.NEXTVAL,'Theo123','123');
INSERT INTO tbl_usuario (id_usuario,login , senha) VALUES (tbl_usuario_seq.NEXTVAL,'Thiago123','123');
INSERT INTO tbl_usuario (id_usuario,login , senha) VALUES (tbl_usuario_seq.NEXTVAL,'Tomás123','123');
INSERT INTO tbl_usuario (id_usuario,login , senha) VALUES (tbl_usuario_seq.NEXTVAL,'Valentina123','123');
INSERT INTO tbl_usuario (id_usuario,login , senha) VALUES (tbl_usuario_seq.NEXTVAL,'Vinicius123','123');
INSERT INTO tbl_usuario (id_usuario,login , senha) VALUES (tbl_usuario_seq.NEXTVAL,'Vitor123','123');
INSERT INTO tbl_usuario (id_usuario,login , senha) VALUES (tbl_usuario_seq.NEXTVAL,'Vitor Gabriel123','123');
INSERT INTO tbl_usuario (id_usuario,login , senha) VALUES (tbl_usuario_seq.NEXTVAL,'Vitor Hugo123','123');
INSERT INTO tbl_usuario (id_usuario,login , senha) VALUES (tbl_usuario_seq.NEXTVAL,'Vitória123','123');
INSERT INTO tbl_usuario (id_usuario,login , senha) VALUES (tbl_usuario_seq.NEXTVAL,'Yasmin123','123');
INSERT INTO tbl_usuario (id_usuario,login , senha) VALUES (tbl_usuario_seq.NEXTVAL,'Yuri123','123');


-- inserindo dados morador

INSERT INTO tbl_morador (id_morador,nm_morador, telefone, id_usuario) VALUES (tbl_morador_seq.NEXTVAL,'Agatha','(021)49781-4026',1);
INSERT INTO tbl_morador (id_morador,nm_morador, telefone, id_usuario) VALUES (tbl_morador_seq.NEXTVAL,'Alana','(021)96148-5749',2);
INSERT INTO tbl_morador (id_morador,nm_morador, telefone, id_usuario) VALUES (tbl_morador_seq.NEXTVAL,'Alexandre','(021)35626-0811',3);
INSERT INTO tbl_morador (id_morador,nm_morador, telefone, id_usuario) VALUES (tbl_morador_seq.NEXTVAL,'Alice','(021)38622-5035',4);
INSERT INTO tbl_morador (id_morador,nm_morador, telefone, id_usuario) VALUES (tbl_morador_seq.NEXTVAL,'Alícia','(021)13177-9908',5);
INSERT INTO tbl_morador (id_morador,nm_morador, telefone, id_usuario) VALUES (tbl_morador_seq.NEXTVAL,'Amanda','(021)99174-6117',6);
INSERT INTO tbl_morador (id_morador,nm_morador, telefone, id_usuario) VALUES (tbl_morador_seq.NEXTVAL,'Ana','(021)07012-4265',7);
INSERT INTO tbl_morador (id_morador,nm_morador, telefone, id_usuario) VALUES (tbl_morador_seq.NEXTVAL,'Ana Beatriz','(021)19818-7699',8);
INSERT INTO tbl_morador (id_morador,nm_morador, telefone, id_usuario) VALUES (tbl_morador_seq.NEXTVAL,'Ana Carolina','(021)33112-8793',9);
INSERT INTO tbl_morador (id_morador,nm_morador, telefone, id_usuario) VALUES (tbl_morador_seq.NEXTVAL,'Ana Clara','(021)61707-5449',10);
INSERT INTO tbl_morador (id_morador,nm_morador, telefone, id_usuario) VALUES (tbl_morador_seq.NEXTVAL,'Ana Julia','(021)41693-9431',11);
INSERT INTO tbl_morador (id_morador,nm_morador, telefone, id_usuario) VALUES (tbl_morador_seq.NEXTVAL,'Ana Laura','(021)11406-6790',12);
INSERT INTO tbl_morador (id_morador,nm_morador, telefone, id_usuario) VALUES (tbl_morador_seq.NEXTVAL,'Ana Lívia','(021)16786-7818',13);
INSERT INTO tbl_morador (id_morador,nm_morador, telefone, id_usuario) VALUES (tbl_morador_seq.NEXTVAL,'Ana Luiza','(021)52587-6019',14);
INSERT INTO tbl_morador (id_morador,nm_morador, telefone, id_usuario) VALUES (tbl_morador_seq.NEXTVAL,'Ana Sophia','(021)63811-7316',15);
INSERT INTO tbl_morador (id_morador,nm_morador, telefone, id_usuario) VALUES (tbl_morador_seq.NEXTVAL,'André','(021)52695-5314',16);
INSERT INTO tbl_morador (id_morador,nm_morador, telefone, id_usuario) VALUES (tbl_morador_seq.NEXTVAL,'Anthony','(021)99316-9626',17);
INSERT INTO tbl_morador (id_morador,nm_morador, telefone, id_usuario) VALUES (tbl_morador_seq.NEXTVAL,'Antonella','(021)30500-6364',18);
INSERT INTO tbl_morador (id_morador,nm_morador, telefone, id_usuario) VALUES (tbl_morador_seq.NEXTVAL,'Antonio','(021)92527-7527',19);
INSERT INTO tbl_morador (id_morador,nm_morador, telefone, id_usuario) VALUES (tbl_morador_seq.NEXTVAL,'Arthur','(021)38557-3016',20);
INSERT INTO tbl_morador (id_morador,nm_morador, telefone, id_usuario) VALUES (tbl_morador_seq.NEXTVAL,'Augusto','(021)95758-3281',21);
INSERT INTO tbl_morador (id_morador,nm_morador, telefone, id_usuario) VALUES (tbl_morador_seq.NEXTVAL,'Bárbara','(021)52932-2917',22);
INSERT INTO tbl_morador (id_morador,nm_morador, telefone, id_usuario) VALUES (tbl_morador_seq.NEXTVAL,'Beatriz','(021)84103-6052',23);
INSERT INTO tbl_morador (id_morador,nm_morador, telefone, id_usuario) VALUES (tbl_morador_seq.NEXTVAL,'Benício','(021)51422-4137',24);
INSERT INTO tbl_morador (id_morador,nm_morador, telefone, id_usuario) VALUES (tbl_morador_seq.NEXTVAL,'Benjamin','(021)61173-2647',25);
INSERT INTO tbl_morador (id_morador,nm_morador, telefone, id_usuario) VALUES (tbl_morador_seq.NEXTVAL,'Bernardo','(021)13735-2098',26);
INSERT INTO tbl_morador (id_morador,nm_morador, telefone, id_usuario) VALUES (tbl_morador_seq.NEXTVAL,'Betina','(021)09415-1147',27);
INSERT INTO tbl_morador (id_morador,nm_morador, telefone, id_usuario) VALUES (tbl_morador_seq.NEXTVAL,'Bianca','(021)15289-8262',28);
INSERT INTO tbl_morador (id_morador,nm_morador, telefone, id_usuario) VALUES (tbl_morador_seq.NEXTVAL,'Brenda','(021)60151-7854',29);
INSERT INTO tbl_morador (id_morador,nm_morador, telefone, id_usuario) VALUES (tbl_morador_seq.NEXTVAL,'Breno','(021)17919-4658',30);
INSERT INTO tbl_morador (id_morador,nm_morador, telefone, id_usuario) VALUES (tbl_morador_seq.NEXTVAL,'Bruna','(021)46686-5214',31);
INSERT INTO tbl_morador (id_morador,nm_morador, telefone, id_usuario) VALUES (tbl_morador_seq.NEXTVAL,'Bruno','(021)17149-9774',32);
INSERT INTO tbl_morador (id_morador,nm_morador, telefone, id_usuario) VALUES (tbl_morador_seq.NEXTVAL,'Bryan','(021)91810-8619',33);
INSERT INTO tbl_morador (id_morador,nm_morador, telefone, id_usuario) VALUES (tbl_morador_seq.NEXTVAL,'Caio','(021)53718-8653',34);
INSERT INTO tbl_morador (id_morador,nm_morador, telefone, id_usuario) VALUES (tbl_morador_seq.NEXTVAL,'Calebe','(021)19828-2164',35);
INSERT INTO tbl_morador (id_morador,nm_morador, telefone, id_usuario) VALUES (tbl_morador_seq.NEXTVAL,'Camila','(021)59939-9378',36);
INSERT INTO tbl_morador (id_morador,nm_morador, telefone, id_usuario) VALUES (tbl_morador_seq.NEXTVAL,'Carlos Eduardo','(021)00314-1175',37);
INSERT INTO tbl_morador (id_morador,nm_morador, telefone, id_usuario) VALUES (tbl_morador_seq.NEXTVAL,'Carolina','(021)31563-5515',38);
INSERT INTO tbl_morador (id_morador,nm_morador, telefone, id_usuario) VALUES (tbl_morador_seq.NEXTVAL,'Caroline','(021)61464-7925',39);
INSERT INTO tbl_morador (id_morador,nm_morador, telefone, id_usuario) VALUES (tbl_morador_seq.NEXTVAL,'Catarina','(021)74647-7335',40);
INSERT INTO tbl_morador (id_morador,nm_morador, telefone, id_usuario) VALUES (tbl_morador_seq.NEXTVAL,'Cauã','(021)41138-2123',41);
INSERT INTO tbl_morador (id_morador,nm_morador, telefone, id_usuario) VALUES (tbl_morador_seq.NEXTVAL,'Cauê','(021)46277-4069',42);
INSERT INTO tbl_morador (id_morador,nm_morador, telefone, id_usuario) VALUES (tbl_morador_seq.NEXTVAL,'Cecília','(021)32901-8414',43);
INSERT INTO tbl_morador (id_morador,nm_morador, telefone, id_usuario) VALUES (tbl_morador_seq.NEXTVAL,'Clara','(021)76475-7200',44);
INSERT INTO tbl_morador (id_morador,nm_morador, telefone, id_usuario) VALUES (tbl_morador_seq.NEXTVAL,'Daniel','(021)63377-8152',45);
INSERT INTO tbl_morador (id_morador,nm_morador, telefone, id_usuario) VALUES (tbl_morador_seq.NEXTVAL,'Danilo','(021)38771-5985',46);
INSERT INTO tbl_morador (id_morador,nm_morador, telefone, id_usuario) VALUES (tbl_morador_seq.NEXTVAL,'Davi','(021)72719-2955',47);
INSERT INTO tbl_morador (id_morador,nm_morador, telefone, id_usuario) VALUES (tbl_morador_seq.NEXTVAL,'Débora','(021)53195-8411',48);
INSERT INTO tbl_morador (id_morador,nm_morador, telefone, id_usuario) VALUES (tbl_morador_seq.NEXTVAL,'Diego','(021)64197-8721',49);
INSERT INTO tbl_morador (id_morador,nm_morador, telefone, id_usuario) VALUES (tbl_morador_seq.NEXTVAL,'Diogo','(021)36791-5137',50);
INSERT INTO tbl_morador (id_morador,nm_morador, telefone, id_usuario) VALUES (tbl_morador_seq.NEXTVAL,'Eduarda','(021)55966-6331',51);
INSERT INTO tbl_morador (id_morador,nm_morador, telefone, id_usuario) VALUES (tbl_morador_seq.NEXTVAL,'Eduardo','(021)11719-4253',52);
INSERT INTO tbl_morador (id_morador,nm_morador, telefone, id_usuario) VALUES (tbl_morador_seq.NEXTVAL,'Elisa','(021)43777-1313',53);
INSERT INTO tbl_morador (id_morador,nm_morador, telefone, id_usuario) VALUES (tbl_morador_seq.NEXTVAL,'Eloá','(021)57813-4818',54);
INSERT INTO tbl_morador (id_morador,nm_morador, telefone, id_usuario) VALUES (tbl_morador_seq.NEXTVAL,'Emanuel','(021)80872-2127',55);
INSERT INTO tbl_morador (id_morador,nm_morador, telefone, id_usuario) VALUES (tbl_morador_seq.NEXTVAL,'Emanuelly','(021)42639-7734',56);
INSERT INTO tbl_morador (id_morador,nm_morador, telefone, id_usuario) VALUES (tbl_morador_seq.NEXTVAL,'Emily','(021)49916-5552',57);
INSERT INTO tbl_morador (id_morador,nm_morador, telefone, id_usuario) VALUES (tbl_morador_seq.NEXTVAL,'Enrico','(021)59471-3200',58);
INSERT INTO tbl_morador (id_morador,nm_morador, telefone, id_usuario) VALUES (tbl_morador_seq.NEXTVAL,'Enzo','(021)17281-2117',59);
INSERT INTO tbl_morador (id_morador,nm_morador, telefone, id_usuario) VALUES (tbl_morador_seq.NEXTVAL,'Enzo Gabriel','(021)54127-1441',60);
INSERT INTO tbl_morador (id_morador,nm_morador, telefone, id_usuario) VALUES (tbl_morador_seq.NEXTVAL,'Erick','(021)00501-7990',61);
INSERT INTO tbl_morador (id_morador,nm_morador, telefone, id_usuario) VALUES (tbl_morador_seq.NEXTVAL,'Ester','(021)68592-3136',62);
INSERT INTO tbl_morador (id_morador,nm_morador, telefone, id_usuario) VALUES (tbl_morador_seq.NEXTVAL,'Evelyn','(021)34851-4442',63);
INSERT INTO tbl_morador (id_morador,nm_morador, telefone, id_usuario) VALUES (tbl_morador_seq.NEXTVAL,'Felipe','(021)93547-0663',64);
INSERT INTO tbl_morador (id_morador,nm_morador, telefone, id_usuario) VALUES (tbl_morador_seq.NEXTVAL,'Fernanda','(021)56913-6986',65);
INSERT INTO tbl_morador (id_morador,nm_morador, telefone, id_usuario) VALUES (tbl_morador_seq.NEXTVAL,'Fernando','(021)41732-5093',66);
INSERT INTO tbl_morador (id_morador,nm_morador, telefone, id_usuario) VALUES (tbl_morador_seq.NEXTVAL,'Francisco','(021)60467-6141',67);
INSERT INTO tbl_morador (id_morador,nm_morador, telefone, id_usuario) VALUES (tbl_morador_seq.NEXTVAL,'Gabriel','(021)26547-7259',68);
INSERT INTO tbl_morador (id_morador,nm_morador, telefone, id_usuario) VALUES (tbl_morador_seq.NEXTVAL,'Gabriela','(021)22827-7361',69);
INSERT INTO tbl_morador (id_morador,nm_morador, telefone, id_usuario) VALUES (tbl_morador_seq.NEXTVAL,'Gabrielly','(021)98181-2628',70);
INSERT INTO tbl_morador (id_morador,nm_morador, telefone, id_usuario) VALUES (tbl_morador_seq.NEXTVAL,'Giovanna','(021)49009-9265',71);
INSERT INTO tbl_morador (id_morador,nm_morador, telefone, id_usuario) VALUES (tbl_morador_seq.NEXTVAL,'Giovanni','(021)07352-2411',72);
INSERT INTO tbl_morador (id_morador,nm_morador, telefone, id_usuario) VALUES (tbl_morador_seq.NEXTVAL,'Guilherme','(021)48563-3135',73);
INSERT INTO tbl_morador (id_morador,nm_morador, telefone, id_usuario) VALUES (tbl_morador_seq.NEXTVAL,'Gustavo','(021)91206-7205',74);
INSERT INTO tbl_morador (id_morador,nm_morador, telefone, id_usuario) VALUES (tbl_morador_seq.NEXTVAL,'Heitor','(021)64625-6662',75);
INSERT INTO tbl_morador (id_morador,nm_morador, telefone, id_usuario) VALUES (tbl_morador_seq.NEXTVAL,'Helena','(021)61458-9990',76);
INSERT INTO tbl_morador (id_morador,nm_morador, telefone, id_usuario) VALUES (tbl_morador_seq.NEXTVAL,'Heloisa','(021)90411-6115',77);
INSERT INTO tbl_morador (id_morador,nm_morador, telefone, id_usuario) VALUES (tbl_morador_seq.NEXTVAL,'Henrique','(021)27424-1074',78);
INSERT INTO tbl_morador (id_morador,nm_morador, telefone, id_usuario) VALUES (tbl_morador_seq.NEXTVAL,'Henry','(021)95257-4797',79);
INSERT INTO tbl_morador (id_morador,nm_morador, telefone, id_usuario) VALUES (tbl_morador_seq.NEXTVAL,'Hugo','(021)81963-8079',80);
INSERT INTO tbl_morador (id_morador,nm_morador, telefone, id_usuario) VALUES (tbl_morador_seq.NEXTVAL,'Iago','(021)46156-1974',81);
INSERT INTO tbl_morador (id_morador,nm_morador, telefone, id_usuario) VALUES (tbl_morador_seq.NEXTVAL,'Ian','(021)96528-5913',82);
INSERT INTO tbl_morador (id_morador,nm_morador, telefone, id_usuario) VALUES (tbl_morador_seq.NEXTVAL,'Igor','(021)44162-2510',83);
INSERT INTO tbl_morador (id_morador,nm_morador, telefone, id_usuario) VALUES (tbl_morador_seq.NEXTVAL,'Isaac','(021)37611-2712',84);
INSERT INTO tbl_morador (id_morador,nm_morador, telefone, id_usuario) VALUES (tbl_morador_seq.NEXTVAL,'Isabel','(021)49377-2743',85);
INSERT INTO tbl_morador (id_morador,nm_morador, telefone, id_usuario) VALUES (tbl_morador_seq.NEXTVAL,'Isabella','(021)49747-7720',86);
INSERT INTO tbl_morador (id_morador,nm_morador, telefone, id_usuario) VALUES (tbl_morador_seq.NEXTVAL,'Isabelle','(021)60564-3635',87);
INSERT INTO tbl_morador (id_morador,nm_morador, telefone, id_usuario) VALUES (tbl_morador_seq.NEXTVAL,'Isadora','(021)07133-6647',88);
INSERT INTO tbl_morador (id_morador,nm_morador, telefone, id_usuario) VALUES (tbl_morador_seq.NEXTVAL,'Jennifer','(021)76275-3685',89);
INSERT INTO tbl_morador (id_morador,nm_morador, telefone, id_usuario) VALUES (tbl_morador_seq.NEXTVAL,'Joana','(021)64914-1681',90);
INSERT INTO tbl_morador (id_morador,nm_morador, telefone, id_usuario) VALUES (tbl_morador_seq.NEXTVAL,'João','(021)75813-9110',91);
INSERT INTO tbl_morador (id_morador,nm_morador, telefone, id_usuario) VALUES (tbl_morador_seq.NEXTVAL,'João Gabriel','(021)32112-1322',92);
INSERT INTO tbl_morador (id_morador,nm_morador, telefone, id_usuario) VALUES (tbl_morador_seq.NEXTVAL,'João Guilherme','(021)99934-5669',93);
INSERT INTO tbl_morador (id_morador,nm_morador, telefone, id_usuario) VALUES (tbl_morador_seq.NEXTVAL,'João Lucas','(021)95963-4856',94);
INSERT INTO tbl_morador (id_morador,nm_morador, telefone, id_usuario) VALUES (tbl_morador_seq.NEXTVAL,'João Miguel','(021)97986-9147',95);
INSERT INTO tbl_morador (id_morador,nm_morador, telefone, id_usuario) VALUES (tbl_morador_seq.NEXTVAL,'João Paulo','(021)60331-0866',96);
INSERT INTO tbl_morador (id_morador,nm_morador, telefone, id_usuario) VALUES (tbl_morador_seq.NEXTVAL,'João Pedro','(021)38611-2143',97);
INSERT INTO tbl_morador (id_morador,nm_morador, telefone, id_usuario) VALUES (tbl_morador_seq.NEXTVAL,'João Vitor','(021)54984-7880',98);
INSERT INTO tbl_morador (id_morador,nm_morador, telefone, id_usuario) VALUES (tbl_morador_seq.NEXTVAL,'Joaquim','(021)96318-2209',99);
INSERT INTO tbl_morador (id_morador,nm_morador, telefone, id_usuario) VALUES (tbl_morador_seq.NEXTVAL,'Juan','(021)06819-0964',100);


-- inserindo dados prestador

INSERT INTO tbl_prestador (id_prestador,nm_prestador, telefone, id_usuario) VALUES (tbl_prestador_seq.NEXTVAL,'Julia','(021)00953-9331',101);
INSERT INTO tbl_prestador (id_prestador,nm_prestador, telefone, id_usuario) VALUES (tbl_prestador_seq.NEXTVAL,'Juliana','(021)43620-2113',102);
INSERT INTO tbl_prestador (id_prestador,nm_prestador, telefone, id_usuario) VALUES (tbl_prestador_seq.NEXTVAL,'Julio César','(021)86736-7192',103);
INSERT INTO tbl_prestador (id_prestador,nm_prestador, telefone, id_usuario) VALUES (tbl_prestador_seq.NEXTVAL,'Kaique','(021)38326-1473',104);
INSERT INTO tbl_prestador (id_prestador,nm_prestador, telefone, id_usuario) VALUES (tbl_prestador_seq.NEXTVAL,'Kamilly','(021)49615-3316',105);
INSERT INTO tbl_prestador (id_prestador,nm_prestador, telefone, id_usuario) VALUES (tbl_prestador_seq.NEXTVAL,'Kevin','(021)45711-1976',106);
INSERT INTO tbl_prestador (id_prestador,nm_prestador, telefone, id_usuario) VALUES (tbl_prestador_seq.NEXTVAL,'Laís','(021)87886-2026',107);
INSERT INTO tbl_prestador (id_prestador,nm_prestador, telefone, id_usuario) VALUES (tbl_prestador_seq.NEXTVAL,'Lara','(021)21492-6587',108);
INSERT INTO tbl_prestador (id_prestador,nm_prestador, telefone, id_usuario) VALUES (tbl_prestador_seq.NEXTVAL,'Larissa','(021)92552-5390',109);
INSERT INTO tbl_prestador (id_prestador,nm_prestador, telefone, id_usuario) VALUES (tbl_prestador_seq.NEXTVAL,'Laura','(021)21029-9886',110);
INSERT INTO tbl_prestador (id_prestador,nm_prestador, telefone, id_usuario) VALUES (tbl_prestador_seq.NEXTVAL,'Lavínia','(021)83431-4479',111);
INSERT INTO tbl_prestador (id_prestador,nm_prestador, telefone, id_usuario) VALUES (tbl_prestador_seq.NEXTVAL,'Leonardo','(021)11374-2385',112);
INSERT INTO tbl_prestador (id_prestador,nm_prestador, telefone, id_usuario) VALUES (tbl_prestador_seq.NEXTVAL,'Letícia','(021)42443-1481',113);
INSERT INTO tbl_prestador (id_prestador,nm_prestador, telefone, id_usuario) VALUES (tbl_prestador_seq.NEXTVAL,'Levi','(021)34124-4011',114);
INSERT INTO tbl_prestador (id_prestador,nm_prestador, telefone, id_usuario) VALUES (tbl_prestador_seq.NEXTVAL,'Lívia','(021)41215-1328',115);
INSERT INTO tbl_prestador (id_prestador,nm_prestador, telefone, id_usuario) VALUES (tbl_prestador_seq.NEXTVAL,'Lorena','(021)88988-7016',116);
INSERT INTO tbl_prestador (id_prestador,nm_prestador, telefone, id_usuario) VALUES (tbl_prestador_seq.NEXTVAL,'Lorenzo','(021)22138-2323',117);
INSERT INTO tbl_prestador (id_prestador,nm_prestador, telefone, id_usuario) VALUES (tbl_prestador_seq.NEXTVAL,'Luan','(021)90638-7558',118);
INSERT INTO tbl_prestador (id_prestador,nm_prestador, telefone, id_usuario) VALUES (tbl_prestador_seq.NEXTVAL,'Luana','(021)61342-5418',119);
INSERT INTO tbl_prestador (id_prestador,nm_prestador, telefone, id_usuario) VALUES (tbl_prestador_seq.NEXTVAL,'Lucas','(021)69223-9560',120);
INSERT INTO tbl_prestador (id_prestador,nm_prestador, telefone, id_usuario) VALUES (tbl_prestador_seq.NEXTVAL,'Lucas Gabriel','(021)69405-8563',121);
INSERT INTO tbl_prestador (id_prestador,nm_prestador, telefone, id_usuario) VALUES (tbl_prestador_seq.NEXTVAL,'Lucca','(021)94662-4869',122);
INSERT INTO tbl_prestador (id_prestador,nm_prestador, telefone, id_usuario) VALUES (tbl_prestador_seq.NEXTVAL,'Luiz','(021)19113-6886',123);
INSERT INTO tbl_prestador (id_prestador,nm_prestador, telefone, id_usuario) VALUES (tbl_prestador_seq.NEXTVAL,'Luiz Felipe','(021)83360-6195',124);
INSERT INTO tbl_prestador (id_prestador,nm_prestador, telefone, id_usuario) VALUES (tbl_prestador_seq.NEXTVAL,'Luiz Fernando','(021)59012-1533',125);
INSERT INTO tbl_prestador (id_prestador,nm_prestador, telefone, id_usuario) VALUES (tbl_prestador_seq.NEXTVAL,'Luiz Guilherme','(021)91438-4251',126);
INSERT INTO tbl_prestador (id_prestador,nm_prestador, telefone, id_usuario) VALUES (tbl_prestador_seq.NEXTVAL,'Luiz Gustavo','(021)18164-8889',127);
INSERT INTO tbl_prestador (id_prestador,nm_prestador, telefone, id_usuario) VALUES (tbl_prestador_seq.NEXTVAL,'Luiz Henrique','(021)98961-5878',128);
INSERT INTO tbl_prestador (id_prestador,nm_prestador, telefone, id_usuario) VALUES (tbl_prestador_seq.NEXTVAL,'Luiz Miguel','(021)36775-4696',129);
INSERT INTO tbl_prestador (id_prestador,nm_prestador, telefone, id_usuario) VALUES (tbl_prestador_seq.NEXTVAL,'Luiz Otávio','(021)45171-4321',130);
INSERT INTO tbl_prestador (id_prestador,nm_prestador, telefone, id_usuario) VALUES (tbl_prestador_seq.NEXTVAL,'Luiza','(021)46702-1316',131);
INSERT INTO tbl_prestador (id_prestador,nm_prestador, telefone, id_usuario) VALUES (tbl_prestador_seq.NEXTVAL,'Luna','(021)01751-4313',132);
INSERT INTO tbl_prestador (id_prestador,nm_prestador, telefone, id_usuario) VALUES (tbl_prestador_seq.NEXTVAL,'Maitê','(021)71863-3916',133);
INSERT INTO tbl_prestador (id_prestador,nm_prestador, telefone, id_usuario) VALUES (tbl_prestador_seq.NEXTVAL,'Manuela','(021)36968-2691',134);
INSERT INTO tbl_prestador (id_prestador,nm_prestador, telefone, id_usuario) VALUES (tbl_prestador_seq.NEXTVAL,'Marcela','(021)69184-5120',135);
INSERT INTO tbl_prestador (id_prestador,nm_prestador, telefone, id_usuario) VALUES (tbl_prestador_seq.NEXTVAL,'Marcelo','(021)86695-1155',136);
INSERT INTO tbl_prestador (id_prestador,nm_prestador, telefone, id_usuario) VALUES (tbl_prestador_seq.NEXTVAL,'Marcos Vinicius','(021)54687-8077',137);
INSERT INTO tbl_prestador (id_prestador,nm_prestador, telefone, id_usuario) VALUES (tbl_prestador_seq.NEXTVAL,'Maria','(021)59988-5290',138);
INSERT INTO tbl_prestador (id_prestador,nm_prestador, telefone, id_usuario) VALUES (tbl_prestador_seq.NEXTVAL,'Maria Alice','(021)76091-2115',139);
INSERT INTO tbl_prestador (id_prestador,nm_prestador, telefone, id_usuario) VALUES (tbl_prestador_seq.NEXTVAL,'Maria Cecília','(021)74429-3620',140);
INSERT INTO tbl_prestador (id_prestador,nm_prestador, telefone, id_usuario) VALUES (tbl_prestador_seq.NEXTVAL,'Maria Clara','(021)17594-6060',141);
INSERT INTO tbl_prestador (id_prestador,nm_prestador, telefone, id_usuario) VALUES (tbl_prestador_seq.NEXTVAL,'Maria Eduarda','(021)56078-2449',142);
INSERT INTO tbl_prestador (id_prestador,nm_prestador, telefone, id_usuario) VALUES (tbl_prestador_seq.NEXTVAL,'Maria Fernanda','(021)45178-4522',143);
INSERT INTO tbl_prestador (id_prestador,nm_prestador, telefone, id_usuario) VALUES (tbl_prestador_seq.NEXTVAL,'Maria Júlia','(021)18773-6426',144);
INSERT INTO tbl_prestador (id_prestador,nm_prestador, telefone, id_usuario) VALUES (tbl_prestador_seq.NEXTVAL,'Maria Luiza','(021)14866-8057',145);
INSERT INTO tbl_prestador (id_prestador,nm_prestador, telefone, id_usuario) VALUES (tbl_prestador_seq.NEXTVAL,'Maria Sophia','(021)13432-8638',146);
INSERT INTO tbl_prestador (id_prestador,nm_prestador, telefone, id_usuario) VALUES (tbl_prestador_seq.NEXTVAL,'Maria Vitória','(021)64386-1694',147);
INSERT INTO tbl_prestador (id_prestador,nm_prestador, telefone, id_usuario) VALUES (tbl_prestador_seq.NEXTVAL,'Mariah','(021)10160-8452',148);
INSERT INTO tbl_prestador (id_prestador,nm_prestador, telefone, id_usuario) VALUES (tbl_prestador_seq.NEXTVAL,'Mariana','(021)57118-1781',149);
INSERT INTO tbl_prestador (id_prestador,nm_prestador, telefone, id_usuario) VALUES (tbl_prestador_seq.NEXTVAL,'Mariane','(021)92543-4879',150);
INSERT INTO tbl_prestador (id_prestador,nm_prestador, telefone, id_usuario) VALUES (tbl_prestador_seq.NEXTVAL,'Marina','(021)89401-8621',151);
INSERT INTO tbl_prestador (id_prestador,nm_prestador, telefone, id_usuario) VALUES (tbl_prestador_seq.NEXTVAL,'Matheus','(021)78459-1015',152);
INSERT INTO tbl_prestador (id_prestador,nm_prestador, telefone, id_usuario) VALUES (tbl_prestador_seq.NEXTVAL,'Matheus Henrique','(021)70916-3860',153);
INSERT INTO tbl_prestador (id_prestador,nm_prestador, telefone, id_usuario) VALUES (tbl_prestador_seq.NEXTVAL,'Melissa','(021)29163-9259',154);
INSERT INTO tbl_prestador (id_prestador,nm_prestador, telefone, id_usuario) VALUES (tbl_prestador_seq.NEXTVAL,'Miguel','(021)03489-9556',155);
INSERT INTO tbl_prestador (id_prestador,nm_prestador, telefone, id_usuario) VALUES (tbl_prestador_seq.NEXTVAL,'Milena','(021)43583-7425',156);
INSERT INTO tbl_prestador (id_prestador,nm_prestador, telefone, id_usuario) VALUES (tbl_prestador_seq.NEXTVAL,'Mirella','(021)71752-2452',157);
INSERT INTO tbl_prestador (id_prestador,nm_prestador, telefone, id_usuario) VALUES (tbl_prestador_seq.NEXTVAL,'Murilo','(021)80390-2668',158);
INSERT INTO tbl_prestador (id_prestador,nm_prestador, telefone, id_usuario) VALUES (tbl_prestador_seq.NEXTVAL,'Natália','(021)78811-9405',159);
INSERT INTO tbl_prestador (id_prestador,nm_prestador, telefone, id_usuario) VALUES (tbl_prestador_seq.NEXTVAL,'Nathan','(021)43375-9760',160);
INSERT INTO tbl_prestador (id_prestador,nm_prestador, telefone, id_usuario) VALUES (tbl_prestador_seq.NEXTVAL,'Nicolas','(021)16112-7131',161);
INSERT INTO tbl_prestador (id_prestador,nm_prestador, telefone, id_usuario) VALUES (tbl_prestador_seq.NEXTVAL,'Nicole','(021)25375-3224',162);
INSERT INTO tbl_prestador (id_prestador,nm_prestador, telefone, id_usuario) VALUES (tbl_prestador_seq.NEXTVAL,'Nina','(021)47443-4791',163);
INSERT INTO tbl_prestador (id_prestador,nm_prestador, telefone, id_usuario) VALUES (tbl_prestador_seq.NEXTVAL,'Olivia','(021)31720-6711',164);
INSERT INTO tbl_prestador (id_prestador,nm_prestador, telefone, id_usuario) VALUES (tbl_prestador_seq.NEXTVAL,'Otávio','(021)17474-1637',165);
INSERT INTO tbl_prestador (id_prestador,nm_prestador, telefone, id_usuario) VALUES (tbl_prestador_seq.NEXTVAL,'Pedro','(021)81682-1949',166);
INSERT INTO tbl_prestador (id_prestador,nm_prestador, telefone, id_usuario) VALUES (tbl_prestador_seq.NEXTVAL,'Pedro Henrique','(021)66766-9349',167);
INSERT INTO tbl_prestador (id_prestador,nm_prestador, telefone, id_usuario) VALUES (tbl_prestador_seq.NEXTVAL,'Pedro Lucas','(021)71437-9723',168);
INSERT INTO tbl_prestador (id_prestador,nm_prestador, telefone, id_usuario) VALUES (tbl_prestador_seq.NEXTVAL,'Pietra','(021)69423-1843',169);
INSERT INTO tbl_prestador (id_prestador,nm_prestador, telefone, id_usuario) VALUES (tbl_prestador_seq.NEXTVAL,'Pietro','(021)56714-5827',170);
INSERT INTO tbl_prestador (id_prestador,nm_prestador, telefone, id_usuario) VALUES (tbl_prestador_seq.NEXTVAL,'Rafael','(021)45592-1850',171);
INSERT INTO tbl_prestador (id_prestador,nm_prestador, telefone, id_usuario) VALUES (tbl_prestador_seq.NEXTVAL,'Rafaela','(021)33144-2160',172);
INSERT INTO tbl_prestador (id_prestador,nm_prestador, telefone, id_usuario) VALUES (tbl_prestador_seq.NEXTVAL,'Raquel','(021)60224-8315',173);
INSERT INTO tbl_prestador (id_prestador,nm_prestador, telefone, id_usuario) VALUES (tbl_prestador_seq.NEXTVAL,'Raul','(021)27517-7875',174);
INSERT INTO tbl_prestador (id_prestador,nm_prestador, telefone, id_usuario) VALUES (tbl_prestador_seq.NEXTVAL,'Rayssa','(021)46981-4854',175);
INSERT INTO tbl_prestador (id_prestador,nm_prestador, telefone, id_usuario) VALUES (tbl_prestador_seq.NEXTVAL,'Rebeca','(021)45365-9747',176);
INSERT INTO tbl_prestador (id_prestador,nm_prestador, telefone, id_usuario) VALUES (tbl_prestador_seq.NEXTVAL,'Renan','(021)70532-6476',177);
INSERT INTO tbl_prestador (id_prestador,nm_prestador, telefone, id_usuario) VALUES (tbl_prestador_seq.NEXTVAL,'Renato','(021)19699-9065',178);
INSERT INTO tbl_prestador (id_prestador,nm_prestador, telefone, id_usuario) VALUES (tbl_prestador_seq.NEXTVAL,'Ricardo','(021)16833-2133',179);
INSERT INTO tbl_prestador (id_prestador,nm_prestador, telefone, id_usuario) VALUES (tbl_prestador_seq.NEXTVAL,'Rodrigo','(021)37237-6917',180);
INSERT INTO tbl_prestador (id_prestador,nm_prestador, telefone, id_usuario) VALUES (tbl_prestador_seq.NEXTVAL,'Ryan','(021)63552-9515',181);
INSERT INTO tbl_prestador (id_prestador,nm_prestador, telefone, id_usuario) VALUES (tbl_prestador_seq.NEXTVAL,'Sabrina','(021)01716-9251',182);
INSERT INTO tbl_prestador (id_prestador,nm_prestador, telefone, id_usuario) VALUES (tbl_prestador_seq.NEXTVAL,'Samuel','(021)48114-4703',183);
INSERT INTO tbl_prestador (id_prestador,nm_prestador, telefone, id_usuario) VALUES (tbl_prestador_seq.NEXTVAL,'Sarah','(021)63745-9168',184);
INSERT INTO tbl_prestador (id_prestador,nm_prestador, telefone, id_usuario) VALUES (tbl_prestador_seq.NEXTVAL,'Sophia','(021)27732-6916',185);
INSERT INTO tbl_prestador (id_prestador,nm_prestador, telefone, id_usuario) VALUES (tbl_prestador_seq.NEXTVAL,'Sophie','(021)85253-8248',186);
INSERT INTO tbl_prestador (id_prestador,nm_prestador, telefone, id_usuario) VALUES (tbl_prestador_seq.NEXTVAL,'Stefany','(021)03316-9442',187);
INSERT INTO tbl_prestador (id_prestador,nm_prestador, telefone, id_usuario) VALUES (tbl_prestador_seq.NEXTVAL,'Stella','(021)78730-1448',188);
INSERT INTO tbl_prestador (id_prestador,nm_prestador, telefone, id_usuario) VALUES (tbl_prestador_seq.NEXTVAL,'Thales','(021)93963-1447',189);
INSERT INTO tbl_prestador (id_prestador,nm_prestador, telefone, id_usuario) VALUES (tbl_prestador_seq.NEXTVAL,'Theo','(021)15886-5934',190);
INSERT INTO tbl_prestador (id_prestador,nm_prestador, telefone, id_usuario) VALUES (tbl_prestador_seq.NEXTVAL,'Thiago','(021)86872-4259',191);
INSERT INTO tbl_prestador (id_prestador,nm_prestador, telefone, id_usuario) VALUES (tbl_prestador_seq.NEXTVAL,'Tomás','(021)30146-2861',192);
INSERT INTO tbl_prestador (id_prestador,nm_prestador, telefone, id_usuario) VALUES (tbl_prestador_seq.NEXTVAL,'Valentina','(021)13832-6965',193);
INSERT INTO tbl_prestador (id_prestador,nm_prestador, telefone, id_usuario) VALUES (tbl_prestador_seq.NEXTVAL,'Vinicius','(021)77122-7318',194);
INSERT INTO tbl_prestador (id_prestador,nm_prestador, telefone, id_usuario) VALUES (tbl_prestador_seq.NEXTVAL,'Vitor','(021)31197-3696',195);
INSERT INTO tbl_prestador (id_prestador,nm_prestador, telefone, id_usuario) VALUES (tbl_prestador_seq.NEXTVAL,'Vitor Gabriel','(021)42354-6137',196);
INSERT INTO tbl_prestador (id_prestador,nm_prestador, telefone, id_usuario) VALUES (tbl_prestador_seq.NEXTVAL,'Vitor Hugo','(021)34288-5493',197);
INSERT INTO tbl_prestador (id_prestador,nm_prestador, telefone, id_usuario) VALUES (tbl_prestador_seq.NEXTVAL,'Vitória','(021)91265-2726',198);
INSERT INTO tbl_prestador (id_prestador,nm_prestador, telefone, id_usuario) VALUES (tbl_prestador_seq.NEXTVAL,'Yasmin','(021)21345-8753',199);
INSERT INTO tbl_prestador (id_prestador,nm_prestador, telefone, id_usuario) VALUES (tbl_prestador_seq.NEXTVAL,'Yuri','(021)29232-5542',200);


-- inserindo dados registro_morada

INSERT INTO tbl_registro_morada (id_morador,id_morada) VALUES (40,19);
INSERT INTO tbl_registro_morada (id_morador,id_morada) VALUES (7,4);
INSERT INTO tbl_registro_morada (id_morador,id_morada) VALUES (58,21);
INSERT INTO tbl_registro_morada (id_morador,id_morada) VALUES (43,17);
INSERT INTO tbl_registro_morada (id_morador,id_morada) VALUES (5,6);
INSERT INTO tbl_registro_morada (id_morador,id_morada) VALUES (91,17);
INSERT INTO tbl_registro_morada (id_morador,id_morada) VALUES (13,7);
INSERT INTO tbl_registro_morada (id_morador,id_morada) VALUES (62,1);
INSERT INTO tbl_registro_morada (id_morador,id_morada) VALUES (73,1);
INSERT INTO tbl_registro_morada (id_morador,id_morada) VALUES (79,18);
INSERT INTO tbl_registro_morada (id_morador,id_morada) VALUES (32,4);
INSERT INTO tbl_registro_morada (id_morador,id_morada) VALUES (60,5);
INSERT INTO tbl_registro_morada (id_morador,id_morada) VALUES (29,2);
INSERT INTO tbl_registro_morada (id_morador,id_morada) VALUES (67,1);
INSERT INTO tbl_registro_morada (id_morador,id_morada) VALUES (77,5);
INSERT INTO tbl_registro_morada (id_morador,id_morada) VALUES (43,9);
INSERT INTO tbl_registro_morada (id_morador,id_morada) VALUES (12,13);
INSERT INTO tbl_registro_morada (id_morador,id_morada) VALUES (46,2);
INSERT INTO tbl_registro_morada (id_morador,id_morada) VALUES (73,20);
INSERT INTO tbl_registro_morada (id_morador,id_morada) VALUES (93,14);
INSERT INTO tbl_registro_morada (id_morador,id_morada) VALUES (57,13);
INSERT INTO tbl_registro_morada (id_morador,id_morada) VALUES (58,8);
INSERT INTO tbl_registro_morada (id_morador,id_morada) VALUES (12,20);
INSERT INTO tbl_registro_morada (id_morador,id_morada) VALUES (60,14);
INSERT INTO tbl_registro_morada (id_morador,id_morada) VALUES (64,20);
INSERT INTO tbl_registro_morada (id_morador,id_morada) VALUES (29,15);
INSERT INTO tbl_registro_morada (id_morador,id_morada) VALUES (82,1);
INSERT INTO tbl_registro_morada (id_morador,id_morada) VALUES (93,5);
INSERT INTO tbl_registro_morada (id_morador,id_morada) VALUES (27,19);
INSERT INTO tbl_registro_morada (id_morador,id_morada) VALUES (80,1);
INSERT INTO tbl_registro_morada (id_morador,id_morada) VALUES (12,12);
INSERT INTO tbl_registro_morada (id_morador,id_morada) VALUES (64,20);
INSERT INTO tbl_registro_morada (id_morador,id_morada) VALUES (31,8);
INSERT INTO tbl_registro_morada (id_morador,id_morada) VALUES (9,18);
INSERT INTO tbl_registro_morada (id_morador,id_morada) VALUES (73,4);
INSERT INTO tbl_registro_morada (id_morador,id_morada) VALUES (29,1);
INSERT INTO tbl_registro_morada (id_morador,id_morada) VALUES (76,14);
INSERT INTO tbl_registro_morada (id_morador,id_morada) VALUES (73,1);
INSERT INTO tbl_registro_morada (id_morador,id_morada) VALUES (56,17);
INSERT INTO tbl_registro_morada (id_morador,id_morada) VALUES (33,18);
INSERT INTO tbl_registro_morada (id_morador,id_morada) VALUES (45,12);
INSERT INTO tbl_registro_morada (id_morador,id_morada) VALUES (68,2);
INSERT INTO tbl_registro_morada (id_morador,id_morada) VALUES (39,15);
INSERT INTO tbl_registro_morada (id_morador,id_morada) VALUES (52,19);
INSERT INTO tbl_registro_morada (id_morador,id_morada) VALUES (38,20);
INSERT INTO tbl_registro_morada (id_morador,id_morada) VALUES (21,5);
INSERT INTO tbl_registro_morada (id_morador,id_morada) VALUES (93,14);
INSERT INTO tbl_registro_morada (id_morador,id_morada) VALUES (85,2);
INSERT INTO tbl_registro_morada (id_morador,id_morada) VALUES (1,9);
INSERT INTO tbl_registro_morada (id_morador,id_morada) VALUES (74,14);
INSERT INTO tbl_registro_morada (id_morador,id_morada) VALUES (71,21);
INSERT INTO tbl_registro_morada (id_morador,id_morada) VALUES (47,16);
INSERT INTO tbl_registro_morada (id_morador,id_morada) VALUES (29,17);
INSERT INTO tbl_registro_morada (id_morador,id_morada) VALUES (44,14);
INSERT INTO tbl_registro_morada (id_morador,id_morada) VALUES (68,11);
INSERT INTO tbl_registro_morada (id_morador,id_morada) VALUES (28,5);
INSERT INTO tbl_registro_morada (id_morador,id_morada) VALUES (41,21);
INSERT INTO tbl_registro_morada (id_morador,id_morada) VALUES (85,18);
INSERT INTO tbl_registro_morada (id_morador,id_morada) VALUES (36,15);
INSERT INTO tbl_registro_morada (id_morador,id_morada) VALUES (58,15);
INSERT INTO tbl_registro_morada (id_morador,id_morada) VALUES (29,21);
INSERT INTO tbl_registro_morada (id_morador,id_morada) VALUES (42,3);
INSERT INTO tbl_registro_morada (id_morador,id_morada) VALUES (26,2);
INSERT INTO tbl_registro_morada (id_morador,id_morada) VALUES (31,6);
INSERT INTO tbl_registro_morada (id_morador,id_morada) VALUES (90,4);
INSERT INTO tbl_registro_morada (id_morador,id_morada) VALUES (39,15);
INSERT INTO tbl_registro_morada (id_morador,id_morada) VALUES (79,1);
INSERT INTO tbl_registro_morada (id_morador,id_morada) VALUES (43,2);
INSERT INTO tbl_registro_morada (id_morador,id_morada) VALUES (24,6);
INSERT INTO tbl_registro_morada (id_morador,id_morada) VALUES (98,14);
INSERT INTO tbl_registro_morada (id_morador,id_morada) VALUES (53,10);
INSERT INTO tbl_registro_morada (id_morador,id_morada) VALUES (52,13);
INSERT INTO tbl_registro_morada (id_morador,id_morada) VALUES (93,9);
INSERT INTO tbl_registro_morada (id_morador,id_morada) VALUES (78,5);
INSERT INTO tbl_registro_morada (id_morador,id_morada) VALUES (75,15);
INSERT INTO tbl_registro_morada (id_morador,id_morada) VALUES (84,2);
INSERT INTO tbl_registro_morada (id_morador,id_morada) VALUES (17,7);
INSERT INTO tbl_registro_morada (id_morador,id_morada) VALUES (85,1);
INSERT INTO tbl_registro_morada (id_morador,id_morada) VALUES (11,16);
INSERT INTO tbl_registro_morada (id_morador,id_morada) VALUES (74,16);
INSERT INTO tbl_registro_morada (id_morador,id_morada) VALUES (95,15);
INSERT INTO tbl_registro_morada (id_morador,id_morada) VALUES (90,8);
INSERT INTO tbl_registro_morada (id_morador,id_morada) VALUES (79,15);
INSERT INTO tbl_registro_morada (id_morador,id_morada) VALUES (10,8);
INSERT INTO tbl_registro_morada (id_morador,id_morada) VALUES (32,8);
INSERT INTO tbl_registro_morada (id_morador,id_morada) VALUES (96,12);
INSERT INTO tbl_registro_morada (id_morador,id_morada) VALUES (30,18);
INSERT INTO tbl_registro_morada (id_morador,id_morada) VALUES (14,9);
INSERT INTO tbl_registro_morada (id_morador,id_morada) VALUES (49,8);
INSERT INTO tbl_registro_morada (id_morador,id_morada) VALUES (42,4);
INSERT INTO tbl_registro_morada (id_morador,id_morada) VALUES (25,1);
INSERT INTO tbl_registro_morada (id_morador,id_morada) VALUES (70,13);
INSERT INTO tbl_registro_morada (id_morador,id_morada) VALUES (57,7);
INSERT INTO tbl_registro_morada (id_morador,id_morada) VALUES (20,16);
INSERT INTO tbl_registro_morada (id_morador,id_morada) VALUES (50,8);
INSERT INTO tbl_registro_morada (id_morador,id_morada) VALUES (64,9);
INSERT INTO tbl_registro_morada (id_morador,id_morada) VALUES (19,13);
INSERT INTO tbl_registro_morada (id_morador,id_morada) VALUES (75,17);
INSERT INTO tbl_registro_morada (id_morador,id_morada) VALUES (29,13);
INSERT INTO tbl_registro_morada (id_morador,id_morada) VALUES (97,15);
INSERT INTO tbl_registro_morada (id_morador,id_morada) VALUES (5,17);
INSERT INTO tbl_registro_morada (id_morador,id_morada) VALUES (79,1);
INSERT INTO tbl_registro_morada (id_morador,id_morada) VALUES (94,21);
INSERT INTO tbl_registro_morada (id_morador,id_morada) VALUES (22,9);
INSERT INTO tbl_registro_morada (id_morador,id_morada) VALUES (61,15);
INSERT INTO tbl_registro_morada (id_morador,id_morada) VALUES (73,11);
INSERT INTO tbl_registro_morada (id_morador,id_morada) VALUES (71,17);
INSERT INTO tbl_registro_morada (id_morador,id_morada) VALUES (25,2);
INSERT INTO tbl_registro_morada (id_morador,id_morada) VALUES (22,21);
INSERT INTO tbl_registro_morada (id_morador,id_morada) VALUES (7,3);
INSERT INTO tbl_registro_morada (id_morador,id_morada) VALUES (7,8);
INSERT INTO tbl_registro_morada (id_morador,id_morada) VALUES (95,12);
INSERT INTO tbl_registro_morada (id_morador,id_morada) VALUES (79,3);
INSERT INTO tbl_registro_morada (id_morador,id_morada) VALUES (39,19);
INSERT INTO tbl_registro_morada (id_morador,id_morada) VALUES (2,1);
INSERT INTO tbl_registro_morada (id_morador,id_morada) VALUES (32,4);
INSERT INTO tbl_registro_morada (id_morador,id_morada) VALUES (99,12);
INSERT INTO tbl_registro_morada (id_morador,id_morada) VALUES (63,11);
INSERT INTO tbl_registro_morada (id_morador,id_morada) VALUES (23,9);
INSERT INTO tbl_registro_morada (id_morador,id_morada) VALUES (31,11);
INSERT INTO tbl_registro_morada (id_morador,id_morada) VALUES (52,17);
INSERT INTO tbl_registro_morada (id_morador,id_morada) VALUES (10,4);
INSERT INTO tbl_registro_morada (id_morador,id_morada) VALUES (14,3);
INSERT INTO tbl_registro_morada (id_morador,id_morada) VALUES (86,3);
INSERT INTO tbl_registro_morada (id_morador,id_morada) VALUES (54,1);
INSERT INTO tbl_registro_morada (id_morador,id_morada) VALUES (62,5);
INSERT INTO tbl_registro_morada (id_morador,id_morada) VALUES (43,1);
INSERT INTO tbl_registro_morada (id_morador,id_morada) VALUES (23,3);
INSERT INTO tbl_registro_morada (id_morador,id_morada) VALUES (43,3);
INSERT INTO tbl_registro_morada (id_morador,id_morada) VALUES (80,16);
INSERT INTO tbl_registro_morada (id_morador,id_morada) VALUES (81,11);
INSERT INTO tbl_registro_morada (id_morador,id_morada) VALUES (45,7);
INSERT INTO tbl_registro_morada (id_morador,id_morada) VALUES (64,16);
INSERT INTO tbl_registro_morada (id_morador,id_morada) VALUES (29,6);
INSERT INTO tbl_registro_morada (id_morador,id_morada) VALUES (91,6);
INSERT INTO tbl_registro_morada (id_morador,id_morada) VALUES (82,21);
INSERT INTO tbl_registro_morada (id_morador,id_morada) VALUES (82,18);
INSERT INTO tbl_registro_morada (id_morador,id_morada) VALUES (63,7);
INSERT INTO tbl_registro_morada (id_morador,id_morada) VALUES (17,10);
INSERT INTO tbl_registro_morada (id_morador,id_morada) VALUES (2,2);
INSERT INTO tbl_registro_morada (id_morador,id_morada) VALUES (20,20);
INSERT INTO tbl_registro_morada (id_morador,id_morada) VALUES (43,22);
INSERT INTO tbl_registro_morada (id_morador,id_morada) VALUES (51,13);
INSERT INTO tbl_registro_morada (id_morador,id_morada) VALUES (73,18);
INSERT INTO tbl_registro_morada (id_morador,id_morada) VALUES (80,13);
INSERT INTO tbl_registro_morada (id_morador,id_morada) VALUES (96,1);
INSERT INTO tbl_registro_morada (id_morador,id_morada) VALUES (97,17);
INSERT INTO tbl_registro_morada (id_morador,id_morada) VALUES (16,3);
INSERT INTO tbl_registro_morada (id_morador,id_morada) VALUES (95,4);
INSERT INTO tbl_registro_morada (id_morador,id_morada) VALUES (50,2);
INSERT INTO tbl_registro_morada (id_morador,id_morada) VALUES (25,4);
INSERT INTO tbl_registro_morada (id_morador,id_morada) VALUES (85,1);
INSERT INTO tbl_registro_morada (id_morador,id_morada) VALUES (2,16);
INSERT INTO tbl_registro_morada (id_morador,id_morada) VALUES (94,2);
INSERT INTO tbl_registro_morada (id_morador,id_morada) VALUES (90,4);
INSERT INTO tbl_registro_morada (id_morador,id_morada) VALUES (14,5);
INSERT INTO tbl_registro_morada (id_morador,id_morada) VALUES (54,12);
INSERT INTO tbl_registro_morada (id_morador,id_morada) VALUES (72,10);
INSERT INTO tbl_registro_morada (id_morador,id_morada) VALUES (72,20);
INSERT INTO tbl_registro_morada (id_morador,id_morada) VALUES (79,2);
INSERT INTO tbl_registro_morada (id_morador,id_morada) VALUES (36,12);
INSERT INTO tbl_registro_morada (id_morador,id_morada) VALUES (31,1);
INSERT INTO tbl_registro_morada (id_morador,id_morada) VALUES (11,13);
INSERT INTO tbl_registro_morada (id_morador,id_morada) VALUES (39,1);
INSERT INTO tbl_registro_morada (id_morador,id_morada) VALUES (29,8);
INSERT INTO tbl_registro_morada (id_morador,id_morada) VALUES (93,1);
INSERT INTO tbl_registro_morada (id_morador,id_morada) VALUES (34,7);
INSERT INTO tbl_registro_morada (id_morador,id_morada) VALUES (12,7);
INSERT INTO tbl_registro_morada (id_morador,id_morada) VALUES (88,19);
INSERT INTO tbl_registro_morada (id_morador,id_morada) VALUES (12,3);
INSERT INTO tbl_registro_morada (id_morador,id_morada) VALUES (62,10);
INSERT INTO tbl_registro_morada (id_morador,id_morada) VALUES (48,7);
INSERT INTO tbl_registro_morada (id_morador,id_morada) VALUES (69,21);
INSERT INTO tbl_registro_morada (id_morador,id_morada) VALUES (66,1);
INSERT INTO tbl_registro_morada (id_morador,id_morada) VALUES (9,19);
INSERT INTO tbl_registro_morada (id_morador,id_morada) VALUES (2,18);
INSERT INTO tbl_registro_morada (id_morador,id_morada) VALUES (58,3);
INSERT INTO tbl_registro_morada (id_morador,id_morada) VALUES (87,16);
INSERT INTO tbl_registro_morada (id_morador,id_morada) VALUES (59,6);
INSERT INTO tbl_registro_morada (id_morador,id_morada) VALUES (40,5);
INSERT INTO tbl_registro_morada (id_morador,id_morada) VALUES (11,11);
INSERT INTO tbl_registro_morada (id_morador,id_morada) VALUES (56,11);
INSERT INTO tbl_registro_morada (id_morador,id_morada) VALUES (79,16);
INSERT INTO tbl_registro_morada (id_morador,id_morada) VALUES (70,14);
INSERT INTO tbl_registro_morada (id_morador,id_morada) VALUES (66,12);
INSERT INTO tbl_registro_morada (id_morador,id_morada) VALUES (38,18);
INSERT INTO tbl_registro_morada (id_morador,id_morada) VALUES (40,6);
INSERT INTO tbl_registro_morada (id_morador,id_morada) VALUES (43,22);
INSERT INTO tbl_registro_morada (id_morador,id_morada) VALUES (25,5);
INSERT INTO tbl_registro_morada (id_morador,id_morada) VALUES (13,2);
INSERT INTO tbl_registro_morada (id_morador,id_morada) VALUES (46,15);
INSERT INTO tbl_registro_morada (id_morador,id_morada) VALUES (36,17);
INSERT INTO tbl_registro_morada (id_morador,id_morada) VALUES (4,1);
INSERT INTO tbl_registro_morada (id_morador,id_morada) VALUES (77,20);
INSERT INTO tbl_registro_morada (id_morador,id_morada) VALUES (42,14);
INSERT INTO tbl_registro_morada (id_morador,id_morada) VALUES (60,10);
INSERT INTO tbl_registro_morada (id_morador,id_morada) VALUES (28,10);
INSERT INTO tbl_registro_morada (id_morador,id_morada) VALUES (22,16);
INSERT INTO tbl_registro_morada (id_morador,id_morada) VALUES (49,5);
INSERT INTO tbl_registro_morada (id_morador,id_morada) VALUES (30,22);
-- inserindo servico

INSERT INTO tbl_servico (id_servico,nm_servico) VALUES (1,'PEDREIRO');
INSERT INTO tbl_servico (id_servico,nm_servico) VALUES (2,'ENCANADOR');
INSERT INTO tbl_servico (id_servico,nm_servico) VALUES (3,'ELETRICISTA');
INSERT INTO tbl_servico (id_servico,nm_servico) VALUES (4,'PINTOR');
INSERT INTO tbl_servico (id_servico,nm_servico) VALUES (5,'LADRILHEIRO');

-- inserindo ocupacao

INSERT INTO tbl_ocupacao (id_prestador,id_servico) VALUES (1,5);
INSERT INTO tbl_ocupacao (id_prestador,id_servico) VALUES (34,1);
INSERT INTO tbl_ocupacao (id_prestador,id_servico) VALUES (18,5);
INSERT INTO tbl_ocupacao (id_prestador,id_servico) VALUES (29,2);
INSERT INTO tbl_ocupacao (id_prestador,id_servico) VALUES (88,2);
INSERT INTO tbl_ocupacao (id_prestador,id_servico) VALUES (70,2);
INSERT INTO tbl_ocupacao (id_prestador,id_servico) VALUES (64,2);
INSERT INTO tbl_ocupacao (id_prestador,id_servico) VALUES (43,2);
INSERT INTO tbl_ocupacao (id_prestador,id_servico) VALUES (84,5);
INSERT INTO tbl_ocupacao (id_prestador,id_servico) VALUES (64,4);
INSERT INTO tbl_ocupacao (id_prestador,id_servico) VALUES (40,1);
INSERT INTO tbl_ocupacao (id_prestador,id_servico) VALUES (1,3);
INSERT INTO tbl_ocupacao (id_prestador,id_servico) VALUES (88,3);
INSERT INTO tbl_ocupacao (id_prestador,id_servico) VALUES (72,4);
INSERT INTO tbl_ocupacao (id_prestador,id_servico) VALUES (82,3);
INSERT INTO tbl_ocupacao (id_prestador,id_servico) VALUES (98,3);
INSERT INTO tbl_ocupacao (id_prestador,id_servico) VALUES (67,1);
INSERT INTO tbl_ocupacao (id_prestador,id_servico) VALUES (48,3);
INSERT INTO tbl_ocupacao (id_prestador,id_servico) VALUES (44,1);
INSERT INTO tbl_ocupacao (id_prestador,id_servico) VALUES (35,5);
INSERT INTO tbl_ocupacao (id_prestador,id_servico) VALUES (95,5);
INSERT INTO tbl_ocupacao (id_prestador,id_servico) VALUES (13,2);
INSERT INTO tbl_ocupacao (id_prestador,id_servico) VALUES (6,3);
INSERT INTO tbl_ocupacao (id_prestador,id_servico) VALUES (54,2);
INSERT INTO tbl_ocupacao (id_prestador,id_servico) VALUES (67,2);
INSERT INTO tbl_ocupacao (id_prestador,id_servico) VALUES (58,2);
INSERT INTO tbl_ocupacao (id_prestador,id_servico) VALUES (76,5);
INSERT INTO tbl_ocupacao (id_prestador,id_servico) VALUES (11,1);
INSERT INTO tbl_ocupacao (id_prestador,id_servico) VALUES (56,2);
INSERT INTO tbl_ocupacao (id_prestador,id_servico) VALUES (91,2);
INSERT INTO tbl_ocupacao (id_prestador,id_servico) VALUES (23,1);
INSERT INTO tbl_ocupacao (id_prestador,id_servico) VALUES (76,4);
INSERT INTO tbl_ocupacao (id_prestador,id_servico) VALUES (33,3);
INSERT INTO tbl_ocupacao (id_prestador,id_servico) VALUES (12,1);
INSERT INTO tbl_ocupacao (id_prestador,id_servico) VALUES (6,2);
INSERT INTO tbl_ocupacao (id_prestador,id_servico) VALUES (36,2);
INSERT INTO tbl_ocupacao (id_prestador,id_servico) VALUES (93,5);
INSERT INTO tbl_ocupacao (id_prestador,id_servico) VALUES (26,1);
INSERT INTO tbl_ocupacao (id_prestador,id_servico) VALUES (23,2);
INSERT INTO tbl_ocupacao (id_prestador,id_servico) VALUES (21,5);
INSERT INTO tbl_ocupacao (id_prestador,id_servico) VALUES (84,2);
INSERT INTO tbl_ocupacao (id_prestador,id_servico) VALUES (4,5);
INSERT INTO tbl_ocupacao (id_prestador,id_servico) VALUES (3,5);
INSERT INTO tbl_ocupacao (id_prestador,id_servico) VALUES (44,5);
INSERT INTO tbl_ocupacao (id_prestador,id_servico) VALUES (42,3);
INSERT INTO tbl_ocupacao (id_prestador,id_servico) VALUES (88,4);
INSERT INTO tbl_ocupacao (id_prestador,id_servico) VALUES (74,2);
INSERT INTO tbl_ocupacao (id_prestador,id_servico) VALUES (73,2);
INSERT INTO tbl_ocupacao (id_prestador,id_servico) VALUES (35,2);
INSERT INTO tbl_ocupacao (id_prestador,id_servico) VALUES (4,1);
INSERT INTO tbl_ocupacao (id_prestador,id_servico) VALUES (40,3);
INSERT INTO tbl_ocupacao (id_prestador,id_servico) VALUES (14,2);
INSERT INTO tbl_ocupacao (id_prestador,id_servico) VALUES (20,2);
INSERT INTO tbl_ocupacao (id_prestador,id_servico) VALUES (64,5);
INSERT INTO tbl_ocupacao (id_prestador,id_servico) VALUES (29,5);
INSERT INTO tbl_ocupacao (id_prestador,id_servico) VALUES (86,3);
INSERT INTO tbl_ocupacao (id_prestador,id_servico) VALUES (63,5);
INSERT INTO tbl_ocupacao (id_prestador,id_servico) VALUES (96,3);
INSERT INTO tbl_ocupacao (id_prestador,id_servico) VALUES (83,5);
INSERT INTO tbl_ocupacao (id_prestador,id_servico) VALUES (95,1);
INSERT INTO tbl_ocupacao (id_prestador,id_servico) VALUES (14,4);
INSERT INTO tbl_ocupacao (id_prestador,id_servico) VALUES (77,2);
INSERT INTO tbl_ocupacao (id_prestador,id_servico) VALUES (38,3);
INSERT INTO tbl_ocupacao (id_prestador,id_servico) VALUES (39,1);
INSERT INTO tbl_ocupacao (id_prestador,id_servico) VALUES (39,3);
INSERT INTO tbl_ocupacao (id_prestador,id_servico) VALUES (21,1);
INSERT INTO tbl_ocupacao (id_prestador,id_servico) VALUES (7,2);
INSERT INTO tbl_ocupacao (id_prestador,id_servico) VALUES (49,5);
INSERT INTO tbl_ocupacao (id_prestador,id_servico) VALUES (99,5);
INSERT INTO tbl_ocupacao (id_prestador,id_servico) VALUES (82,5);
INSERT INTO tbl_ocupacao (id_prestador,id_servico) VALUES (87,2);
INSERT INTO tbl_ocupacao (id_prestador,id_servico) VALUES (65,4);
INSERT INTO tbl_ocupacao (id_prestador,id_servico) VALUES (8,3);
INSERT INTO tbl_ocupacao (id_prestador,id_servico) VALUES (57,1);
INSERT INTO tbl_ocupacao (id_prestador,id_servico) VALUES (53,3);
INSERT INTO tbl_ocupacao (id_prestador,id_servico) VALUES (90,1);
INSERT INTO tbl_ocupacao (id_prestador,id_servico) VALUES (64,3);
INSERT INTO tbl_ocupacao (id_prestador,id_servico) VALUES (68,5);
INSERT INTO tbl_ocupacao (id_prestador,id_servico) VALUES (92,3);
INSERT INTO tbl_ocupacao (id_prestador,id_servico) VALUES (93,4);
INSERT INTO tbl_ocupacao (id_prestador,id_servico) VALUES (15,1);
INSERT INTO tbl_ocupacao (id_prestador,id_servico) VALUES (22,2);
INSERT INTO tbl_ocupacao (id_prestador,id_servico) VALUES (4,2);
INSERT INTO tbl_ocupacao (id_prestador,id_servico) VALUES (90,2);
INSERT INTO tbl_ocupacao (id_prestador,id_servico) VALUES (16,1);
INSERT INTO tbl_ocupacao (id_prestador,id_servico) VALUES (5,1);
INSERT INTO tbl_ocupacao (id_prestador,id_servico) VALUES (22,5);
INSERT INTO tbl_ocupacao (id_prestador,id_servico) VALUES (34,3);
INSERT INTO tbl_ocupacao (id_prestador,id_servico) VALUES (38,2);
INSERT INTO tbl_ocupacao (id_prestador,id_servico) VALUES (32,1);
INSERT INTO tbl_ocupacao (id_prestador,id_servico) VALUES (65,5);
INSERT INTO tbl_ocupacao (id_prestador,id_servico) VALUES (66,2);
INSERT INTO tbl_ocupacao (id_prestador,id_servico) VALUES (97,3);
INSERT INTO tbl_ocupacao (id_prestador,id_servico) VALUES (33,2);
INSERT INTO tbl_ocupacao (id_prestador,id_servico) VALUES (39,5);
INSERT INTO tbl_ocupacao (id_prestador,id_servico) VALUES (47,5);
INSERT INTO tbl_ocupacao (id_prestador,id_servico) VALUES (31,2);
INSERT INTO tbl_ocupacao (id_prestador,id_servico) VALUES (10,2);
INSERT INTO tbl_ocupacao (id_prestador,id_servico) VALUES (71,2);
INSERT INTO tbl_ocupacao (id_prestador,id_servico) VALUES (68,3);
INSERT INTO tbl_ocupacao (id_prestador,id_servico) VALUES (14,3);
INSERT INTO tbl_ocupacao (id_prestador,id_servico) VALUES (28,5);
INSERT INTO tbl_ocupacao (id_prestador,id_servico) VALUES (75,2);
INSERT INTO tbl_ocupacao (id_prestador,id_servico) VALUES (50,1);
INSERT INTO tbl_ocupacao (id_prestador,id_servico) VALUES (96,4);
INSERT INTO tbl_ocupacao (id_prestador,id_servico) VALUES (86,2);
INSERT INTO tbl_ocupacao (id_prestador,id_servico) VALUES (1,1);
INSERT INTO tbl_ocupacao (id_prestador,id_servico) VALUES (98,1);
INSERT INTO tbl_ocupacao (id_prestador,id_servico) VALUES (87,1);
INSERT INTO tbl_ocupacao (id_prestador,id_servico) VALUES (97,1);
INSERT INTO tbl_ocupacao (id_prestador,id_servico) VALUES (12,2);
INSERT INTO tbl_ocupacao (id_prestador,id_servico) VALUES (73,1);
INSERT INTO tbl_ocupacao (id_prestador,id_servico) VALUES (94,1);
INSERT INTO tbl_ocupacao (id_prestador,id_servico) VALUES (36,5);
INSERT INTO tbl_ocupacao (id_prestador,id_servico) VALUES (26,5);
INSERT INTO tbl_ocupacao (id_prestador,id_servico) VALUES (50,2);
INSERT INTO tbl_ocupacao (id_prestador,id_servico) VALUES (39,2);
INSERT INTO tbl_ocupacao (id_prestador,id_servico) VALUES (72,1);
INSERT INTO tbl_ocupacao (id_prestador,id_servico) VALUES (3,3);
INSERT INTO tbl_ocupacao (id_prestador,id_servico) VALUES (51,1);
INSERT INTO tbl_ocupacao (id_prestador,id_servico) VALUES (54,4);
INSERT INTO tbl_ocupacao (id_prestador,id_servico) VALUES (45,1);
INSERT INTO tbl_ocupacao (id_prestador,id_servico) VALUES (7,1);
INSERT INTO tbl_ocupacao (id_prestador,id_servico) VALUES (55,2);
INSERT INTO tbl_ocupacao (id_prestador,id_servico) VALUES (12,3);
INSERT INTO tbl_ocupacao (id_prestador,id_servico) VALUES (81,5);
INSERT INTO tbl_ocupacao (id_prestador,id_servico) VALUES (72,3);
INSERT INTO tbl_ocupacao (id_prestador,id_servico) VALUES (41,3);
INSERT INTO tbl_ocupacao (id_prestador,id_servico) VALUES (78,3);
INSERT INTO tbl_ocupacao (id_prestador,id_servico) VALUES (87,5);
INSERT INTO tbl_ocupacao (id_prestador,id_servico) VALUES (19,1);
INSERT INTO tbl_ocupacao (id_prestador,id_servico) VALUES (45,5);
INSERT INTO tbl_ocupacao (id_prestador,id_servico) VALUES (13,4);
INSERT INTO tbl_ocupacao (id_prestador,id_servico) VALUES (83,1);
INSERT INTO tbl_ocupacao (id_prestador,id_servico) VALUES (80,1);
INSERT INTO tbl_ocupacao (id_prestador,id_servico) VALUES (61,1);
INSERT INTO tbl_ocupacao (id_prestador,id_servico) VALUES (56,1);
INSERT INTO tbl_ocupacao (id_prestador,id_servico) VALUES (27,2);
INSERT INTO tbl_ocupacao (id_prestador,id_servico) VALUES (54,3);
INSERT INTO tbl_ocupacao (id_prestador,id_servico) VALUES (77,5);
INSERT INTO tbl_ocupacao (id_prestador,id_servico) VALUES (76,2);
INSERT INTO tbl_ocupacao (id_prestador,id_servico) VALUES (15,2);
INSERT INTO tbl_ocupacao (id_prestador,id_servico) VALUES (72,5);
INSERT INTO tbl_ocupacao (id_prestador,id_servico) VALUES (17,2);
INSERT INTO tbl_ocupacao (id_prestador,id_servico) VALUES (62,2);
INSERT INTO tbl_ocupacao (id_prestador,id_servico) VALUES (79,5);
INSERT INTO tbl_ocupacao (id_prestador,id_servico) VALUES (74,4);
INSERT INTO tbl_ocupacao (id_prestador,id_servico) VALUES (3,2);
INSERT INTO tbl_ocupacao (id_prestador,id_servico) VALUES (36,4);
INSERT INTO tbl_ocupacao (id_prestador,id_servico) VALUES (93,2);
INSERT INTO tbl_ocupacao (id_prestador,id_servico) VALUES (24,5);
INSERT INTO tbl_ocupacao (id_prestador,id_servico) VALUES (22,4);
INSERT INTO tbl_ocupacao (id_prestador,id_servico) VALUES (43,4);
INSERT INTO tbl_ocupacao (id_prestador,id_servico) VALUES (81,2);
INSERT INTO tbl_ocupacao (id_prestador,id_servico) VALUES (66,3);
INSERT INTO tbl_ocupacao (id_prestador,id_servico) VALUES (87,3);
INSERT INTO tbl_ocupacao (id_prestador,id_servico) VALUES (94,5);
INSERT INTO tbl_ocupacao (id_prestador,id_servico) VALUES (50,4);
INSERT INTO tbl_ocupacao (id_prestador,id_servico) VALUES (41,2);
INSERT INTO tbl_ocupacao (id_prestador,id_servico) VALUES (35,3);
INSERT INTO tbl_ocupacao (id_prestador,id_servico) VALUES (35,1);
INSERT INTO tbl_ocupacao (id_prestador,id_servico) VALUES (91,1);
INSERT INTO tbl_ocupacao (id_prestador,id_servico) VALUES (14,5);
INSERT INTO tbl_ocupacao (id_prestador,id_servico) VALUES (57,3);
INSERT INTO tbl_ocupacao (id_prestador,id_servico) VALUES (95,4);
INSERT INTO tbl_ocupacao (id_prestador,id_servico) VALUES (18,1);
INSERT INTO tbl_ocupacao (id_prestador,id_servico) VALUES (27,3);


-- inserindo registros

INSERT INTO tbl_registro_servico (id_registro,dt_inicio,dt_termino,id_prestador,id_morador,status) VALUES (tbl_registro_seq.NEXTVAL,TO_TIMESTAMP('2020-11-26 18:48:00.000000000', 'YYYY-MM-DD HH24:MI:SS.FF'),TO_TIMESTAMP('2021-10-15 15:35:00.000000000', 'YYYY-MM-DD HH24:MI:SS.FF'),74,54,'FECHADO');
INSERT INTO tbl_registro_servico (id_registro,dt_inicio,dt_termino,id_prestador,id_morador,status) VALUES (tbl_registro_seq.NEXTVAL,TO_TIMESTAMP('2020-01-04 17:22:00.000000000', 'YYYY-MM-DD HH24:MI:SS.FF'),TO_TIMESTAMP('2020-01-04 17:22:00.000000000', 'YYYY-MM-DD HH24:MI:SS.FF'),9,69,'ABERTO');
INSERT INTO tbl_registro_servico (id_registro,dt_inicio,dt_termino,id_prestador,id_morador,status) VALUES (tbl_registro_seq.NEXTVAL,TO_TIMESTAMP('2020-07-01 16:51:00.000000000', 'YYYY-MM-DD HH24:MI:SS.FF'),TO_TIMESTAMP('2021-02-26 12:59:00.000000000', 'YYYY-MM-DD HH24:MI:SS.FF'),76,84,'FECHADO');
INSERT INTO tbl_registro_servico (id_registro,dt_inicio,dt_termino,id_prestador,id_morador,status) VALUES (tbl_registro_seq.NEXTVAL,TO_TIMESTAMP('2020-05-01 11:10:00.000000000', 'YYYY-MM-DD HH24:MI:SS.FF'),TO_TIMESTAMP('2021-08-11 01:22:00.000000000', 'YYYY-MM-DD HH24:MI:SS.FF'),41,9,'FECHADO');
INSERT INTO tbl_registro_servico (id_registro,dt_inicio,dt_termino,id_prestador,id_morador,status) VALUES (tbl_registro_seq.NEXTVAL,TO_TIMESTAMP('2020-07-26 18:19:00.000000000', 'YYYY-MM-DD HH24:MI:SS.FF'),TO_TIMESTAMP('2020-07-26 18:19:00.000000000', 'YYYY-MM-DD HH24:MI:SS.FF'),43,33,'ABERTO');
INSERT INTO tbl_registro_servico (id_registro,dt_inicio,dt_termino,id_prestador,id_morador,status) VALUES (tbl_registro_seq.NEXTVAL,TO_TIMESTAMP('2020-08-21 12:25:00.000000000', 'YYYY-MM-DD HH24:MI:SS.FF'),TO_TIMESTAMP('2020-08-21 12:25:00.000000000', 'YYYY-MM-DD HH24:MI:SS.FF'),41,7,'ABERTO');
INSERT INTO tbl_registro_servico (id_registro,dt_inicio,dt_termino,id_prestador,id_morador,status) VALUES (tbl_registro_seq.NEXTVAL,TO_TIMESTAMP('2020-07-17 16:27:00.000000000', 'YYYY-MM-DD HH24:MI:SS.FF'),TO_TIMESTAMP('2021-02-18 11:03:00.000000000', 'YYYY-MM-DD HH24:MI:SS.FF'),8,33,'FECHADO');
INSERT INTO tbl_registro_servico (id_registro,dt_inicio,dt_termino,id_prestador,id_morador,status) VALUES (tbl_registro_seq.NEXTVAL,TO_TIMESTAMP('2020-01-02 11:10:00.000000000', 'YYYY-MM-DD HH24:MI:SS.FF'),TO_TIMESTAMP('2021-01-14 22:27:00.000000000', 'YYYY-MM-DD HH24:MI:SS.FF'),99,59,'FECHADO');
INSERT INTO tbl_registro_servico (id_registro,dt_inicio,dt_termino,id_prestador,id_morador,status) VALUES (tbl_registro_seq.NEXTVAL,TO_TIMESTAMP('2020-08-19 17:02:00.000000000', 'YYYY-MM-DD HH24:MI:SS.FF'),TO_TIMESTAMP('2021-10-11 17:35:00.000000000', 'YYYY-MM-DD HH24:MI:SS.FF'),98,31,'FECHADO');
INSERT INTO tbl_registro_servico (id_registro,dt_inicio,dt_termino,id_prestador,id_morador,status) VALUES (tbl_registro_seq.NEXTVAL,TO_TIMESTAMP('2020-09-16 05:33:00.000000000', 'YYYY-MM-DD HH24:MI:SS.FF'),TO_TIMESTAMP('2020-09-16 05:33:00.000000000', 'YYYY-MM-DD HH24:MI:SS.FF'),16,68,'ABERTO');
INSERT INTO tbl_registro_servico (id_registro,dt_inicio,dt_termino,id_prestador,id_morador,status) VALUES (tbl_registro_seq.NEXTVAL,TO_TIMESTAMP('2020-01-06 17:46:00.000000000', 'YYYY-MM-DD HH24:MI:SS.FF'),TO_TIMESTAMP('2021-02-12 17:16:00.000000000', 'YYYY-MM-DD HH24:MI:SS.FF'),29,98,'FECHADO');
INSERT INTO tbl_registro_servico (id_registro,dt_inicio,dt_termino,id_prestador,id_morador,status) VALUES (tbl_registro_seq.NEXTVAL,TO_TIMESTAMP('2020-02-27 02:06:00.000000000', 'YYYY-MM-DD HH24:MI:SS.FF'),TO_TIMESTAMP('2021-12-05 14:13:00.000000000', 'YYYY-MM-DD HH24:MI:SS.FF'),70,69,'FECHADO');



